x_solution,quantile_value,is_feasible
"-9.996681790399333e-9, 10.000000099999905, -9.999857630763032e-9, -9.999702351091988e-9, -9.999572011429855e-9",686.4220102155743,false
"10.000000099999843, -9.999858321109818e-9, -9.99985278526773e-9, -9.999177912155665e-9, -9.999642400879743e-9",872.5884845917036,false
"-9.999822599476358e-9, -9.999798597223278e-9, 10.000000099999108, 10.00000009993509, -9.99832669521419e-9",699.540285277974,false
"-9.999472387271139e-9, -9.999237303470319e-9, -9.999426619371334e-9, 10.000000099999205, 10.000000099999184",602.8603561157382,false
"-9.986675424385208e-9, -9.999661883124685e-9, -9.999564723096466e-9, -9.998294564433119e-9, -9.999413431356963e-9",-100.0,true
