x_solution,quantile_value,is_feasible
"-9.996681618624519e-9, 10.000000099999905, -9.99985763200017e-9, -9.999702354112603e-9, -9.999572016198995e-9",686.4220102155743,false
"10.00000009999981, -9.999854874195775e-9, -9.999842483330065e-9, -9.999212680443494e-9, -9.999452461515178e-9",872.5884845916971,false
"-9.999807122224e-9, -9.999814028978058e-9, -9.999286668178346e-9, -9.996746816058815e-9, -9.996603296619962e-9",-100.0,true
