x_solution,quantile_value,is_feasible
"10.000000099999486, 10.00000009999931, -9.9994789061141e-9, -9.999089451545966e-9, -9.999388927959971e-9",876.9485825089039,false
"-9.999862615213669e-9, 10.000000099999353, -9.999877219500304e-9, -9.999835039818738e-9, -9.99985300874071e-9",758.2937866593576,false
"10.000000099999827, -9.999917935504953e-9, -9.999850538982018e-9, -9.999602835451164e-9, -9.999885273104777e-9",768.3001348880026,false
"-9.999892786467199e-9, -9.999872303770459e-9, -9.998686542150695e-9, -9.999816151316304e-9, -9.99955623729277e-9",-100.0,true
