x_solution,quantile_value,is_feasible
"10.000000099998928, -9.99860401008284e-9, -9.999744117131099e-9, -9.999102097177706e-9, -9.99962958320172e-9",705.1428760171897,false
"-9.999622798961863e-9, 10.000000099999522, 10.000000099997141, -9.999287245361105e-9, 10.000000099997756",1167.1454354909495,false
"-9.992343521329613e-9, -9.998289310312974e-9, -9.992639508829868e-9, -9.998844770850398e-9, -9.99781061503623e-9",-100.0,true
