x_solution,quantile_value,is_feasible
"-9.996681723811585e-9, 10.000000099999905, -9.999857631221205e-9, -9.99970235220886e-9, -9.999572013189695e-9",686.4220102155743,false
"10.000000099999864, -9.999816667441059e-9, -9.999836387026386e-9, 10.000000099992448, -9.999687547916693e-9",949.7816702047514,false
"-9.999325039192367e-9, -9.999042229263047e-9, -9.999599374118023e-9, -9.999706022279925e-9, -9.99963735751723e-9",-100.0,true
