x_solution,quantile_value,is_feasible
"1.269694554041009, 1.269694554041009, 1.269694554041009, 1.269694554041009, 1.269694554041009",-81.49123241113944,true
