x_solution,quantile_value,is_feasible
"-9.999319989939523e-9, 10.00000009999963, -9.999380387298754e-9, -9.998773489209338e-9, -9.99662443980489e-9",686.422010215531,false
"10.000000099999145, -9.998150030119586e-9, -9.999493947387464e-9, 10.000000099993958, -9.997584290294792e-9",949.7816702046348,false
"-9.999325765064571e-9, 10.000000099998601, -9.99933750618004e-9, -9.999445662960254e-9, -9.998960432017117e-9",686.4220102153693,false
"-9.996975993249003e-9, -9.994914106493095e-9, -9.999301348271259e-9, -9.99889625667006e-9, -9.99840540441757e-9",-100.0,true
