x_solution,quantile_value,is_feasible
"10.000000099999864, 10.000000099999866, -9.999869450065573e-9, -9.99905366338021e-9, -9.999798033027608e-9",906.6060575000819,false
"-9.999749089670985e-9, -9.999783188004755e-9, -9.999255379773685e-9, -9.997991600191519e-9, -9.999606439701687e-9",-100.0,true
