x_solution,quantile_value,is_feasible
"-9.996681514366621e-9, 10.000000099999905, -9.999857632772424e-9, -9.999702355999948e-9, -9.999572019182133e-9",686.4220102155743,false
"10.00000009999981, -9.999854874195777e-9, -9.999842483330065e-9, -9.999212680443494e-9, -9.999452461515178e-9",872.5884845916971,false
"-9.999807122224004e-9, -9.999814028978063e-9, -9.999286668178355e-9, -9.996746816058878e-9, -9.996603296620029e-9",-100.0,true
