x_solution,quantile_value,is_feasible
"-9.971279409883541e-9, -9.969180234853139e-9, -9.974543034167448e-9, -9.975201906898532e-9, -9.968137241573844e-9",-100.0,true
