x_solution,quantile_value,is_feasible
"-9.9993199899391e-9, 10.00000009999963, -9.999380387298372e-9, -9.998773489208266e-9, -9.996624439797465e-9",686.422010215531,false
"10.000000099999472, -9.999582905419948e-9, -9.99767673990407e-9, 10.000000099994958, -9.998957096412703e-9",949.7816702047139,false
"-9.998320276470302e-9, -9.99859462870319e-9, 10.00000009999871, -9.994303132842206e-9, -9.993368180401926e-9",517.9476636385416,false
"-9.999642565026073e-9, 10.000000099974502, 10.000000099999637, 10.000000099997482, 10.000000099999408",994.0527872386385,false
"-9.999056187161853e-9, 10.000000099999005, 10.00000009999903, 10.000000099997578, 10.000000099998921",994.0527872413525,false
"10.00000009999912, -9.999755759490259e-9, -9.999596584316038e-9, -9.99946007235478e-9, -9.999313784198647e-9",872.5884845915631,false
"-9.999694530807747e-9, -9.999069226628666e-9, -9.999580371399652e-9, -9.999514347637212e-9, -9.999212915054092e-9",-100.0,true
