x_solution,quantile_value,is_feasible
"10.000000099998928, -9.998604010082824e-9, -9.999744117131092e-9, -9.999102097177696e-9, -9.999629583201713e-9",705.1428760171897,false
"-9.999622798961904e-9, 10.000000099999522, 10.000000099997141, -9.999287245361162e-9, 10.000000099997756",1167.1454354909495,false
"-9.992343521328415e-9, -9.99828931031295e-9, -9.992639508828795e-9, -9.998844770850386e-9, -9.997810615036184e-9",-100.0,true
