x_solution,quantile_value,is_feasible
"10.000000099999486, 10.00000009999931, -9.999478872598952e-9, -9.999089406099803e-9, -9.999388889351038e-9",876.9485825089039,false
"-9.999952811233382e-9, -9.99987413348089e-9, -9.999888813985528e-9, -9.999907475226413e-9, -9.999714612257497e-9",-100.0,true
