x_solution,quantile_value,is_feasible
"-9.996681723811585e-9, 10.000000099999905, -9.999857631221205e-9, -9.99970235220886e-9, -9.999572013189695e-9",686.4220102155743,false
"10.00000009999981, -9.999854874195775e-9, -9.999842483330065e-9, -9.999212680443494e-9, -9.999452461515177e-9",872.5884845916971,false
"-9.999807122223995e-9, -9.999814028978053e-9, -9.999286668178338e-9, -9.996746816058754e-9, -9.996603296619896e-9",-100.0,true
