x_solution,quantile_value,is_feasible
"10.000000099999864, 10.000000099999866, -9.99986945006555e-9, -9.99905366338119e-9, -9.999798033027587e-9",906.6060575000819,false
"-9.999749089670987e-9, -9.999783188004757e-9, -9.999255379773688e-9, -9.997991600191529e-9, -9.99960643970169e-9",-100.0,true
