x_solution,quantile_value,is_feasible
"10.000000099999486, 10.00000009999931, -9.999479107090362e-9, -9.999089724073271e-9, -9.999389159484959e-9",876.9485825089039,false
"-9.999862615213944e-9, 10.000000099999353, -9.99987721950056e-9, -9.999835039819044e-9, -9.999853008740996e-9",758.2937866593576,false
"10.000000099999827, -9.999917935504952e-9, -9.999850538982017e-9, -9.99960283545116e-9, -9.999885273104775e-9",768.3001348880026,false
"-9.9998927864672e-9, -9.99987230377046e-9, -9.998686542150737e-9, -9.999816151316308e-9, -9.99955623729278e-9",-100.0,true
