x_solution,quantile_value,is_feasible
"-9.999319989938256e-9, 10.00000009999963, -9.999380387297609e-9, -9.998773489206118e-9, -9.996624439782606e-9",686.422010215531,false
"10.000000099999472, -9.999582905419675e-9, -9.997676739903458e-9, 10.000000099994958, -9.998957096412348e-9",949.7816702047139,false
"-9.998320276470296e-9, -9.998594628703184e-9, 10.00000009999871, -9.994303132842143e-9, -9.993368180401842e-9",517.9476636385416,false
"-9.999642565025717e-9, 10.000000099974502, 10.000000099999637, 10.000000099997482, 10.000000099999408",994.0527872386385,false
"-9.999056187175913e-9, 10.000000099999005, 10.00000009999903, 10.000000099997578, 10.000000099998921",994.0527872413525,false
"10.00000009999912, -9.999755759490327e-9, -9.999596584316133e-9, -9.999460072354901e-9, -9.999313784198794e-9",872.5884845915631,false
"-9.999694530807757e-9, -9.999069226628682e-9, -9.999580371399662e-9, -9.999514347637223e-9, -9.999212915054106e-9",-100.0,true
