x_solution,quantile_value,is_feasible
"-9.999319989939734e-9, 10.00000009999963, -9.999380387298946e-9, -9.998773489209874e-9, -9.996624439808602e-9",686.422010215531,false
"10.000000099999145, -9.9981500301181e-9, -9.999493947387327e-9, 10.000000099993958, -9.997584290292247e-9",949.7816702046348,false
"-9.999325765064567e-9, 10.000000099998601, -9.999337506180034e-9, -9.99944566296025e-9, -9.998960432017112e-9",686.4220102153693,false
"-9.996975993249004e-9, -9.994914106493107e-9, -9.999301348271257e-9, -9.998896256670058e-9, -9.99840540441757e-9",-100.0,true
