x_solution,quantile_value,is_feasible
"-9.996681514366621e-9, 10.000000099999905, -9.999857632772424e-9, -9.999702355999948e-9, -9.999572019182133e-9",686.4220102155743,false
"10.000000099999864, -9.999816667441607e-9, -9.99983638702687e-9, 10.000000099992448, -9.999687547917676e-9",949.7816702047514,false
"-9.999325039192367e-9, -9.999042229263049e-9, -9.999599374118025e-9, -9.999706022279925e-9, -9.99963735751723e-9",-100.0,true
