x_solution,quantile_value,is_feasible
"10.00000009999166, 10.00000009999122, -9.992237036604146e-9, 10.000000099987645, -9.990320336198383e-9",1146.8590848220151,false
"-9.999593521358758e-9, 10.000000099999612, -9.999288125284084e-9, -9.999556415924738e-9, -9.998422205959903e-9",758.2937866594021,false
"-9.997227421717973e-9, -9.999100717499924e-9, -9.998584855399646e-9, -9.99922289691115e-9, -9.999456735473226e-9",-100.0,true
