x_solution,quantile_value,is_feasible
"10.000000099996901, 10.000000099997148, -9.996437441131823e-9, 10.000000099996754, 10.000000099996422",1176.2248014002703,false
"10.000000099998877, 10.000000099999848, -9.999864343004816e-9, -9.999817709133695e-9, -9.999903538122797e-9",876.9485825087858,false
"-9.999659817783903e-9, -9.996994952973963e-9, -9.999019806686005e-9, -9.999710310980201e-9, -9.999575382393774e-9",-100.0,true
