x_solution,quantile_value,is_feasible
"-9.999319989939312e-9, 10.00000009999963, -9.999380387298564e-9, -9.998773489208802e-9, -9.99662443980118e-9",686.422010215531,false
"-9.996360334388798e-9, -9.998596548741281e-9, -9.998370205172615e-9, -9.999251877646547e-9, -9.999365524320882e-9",-100.0,true
