x_solution,quantile_value,is_feasible
"10.000000099999864, 10.000000099999866, -9.999869450065459e-9, -9.999053663385091e-9, -9.999798033027504e-9",906.6060575000819,false
"-9.999691718347694e-9, -9.999705738532539e-9, -9.999018331341026e-9, -9.999438880277605e-9, -9.99960738551835e-9",-100.0,true
