x_solution,quantile_value,is_feasible
"-9.969889954509152e-9, -9.977474884388704e-9, -9.988818383052748e-9, 5.000000049977893, -9.961933576923528e-9",-40.21885296299617,true
