x_solution,quantile_value,is_feasible
"-9.996681618624519e-9, 10.000000099999905, -9.99985763200017e-9, -9.999702354112603e-9, -9.999572016198995e-9",686.4220102155743,false
"10.000000099999864, -9.999816667441332e-9, -9.999836387026628e-9, 10.000000099992448, -9.999687547917185e-9",949.7816702047514,false
"-9.999325039192367e-9, -9.999042229263047e-9, -9.999599374118025e-9, -9.999706022279925e-9, -9.99963735751723e-9",-100.0,true
