x_solution,quantile_value,is_feasible
"0.07158692030033824, -0.1974984777670177, -0.3226072161291524, -0.5627525645879986, -0.8299071818602068, -0.9247624727464665, -1.1408706771022603, -1.2012556169185165, -1.3626717966528672, -1.2632693792772771, -1.4344280380434289, -1.5223233658312907, -1.601294615187325, -1.5416335592709831, -1.544090929064968, -1.5550791879452885, -1.5471492945552463, -1.4107776369113048, -1.3832898635224091, -1.2410163095683386, -1.132002170197144, -0.964510548421533, -0.8046503449570496, -0.6281854158041139, -0.4197730715828239, -0.19813375442432932, 0.03479858617121033, 0.24777421634780603, 0.586350572658937, 0.8486849802225948, 1.1131856289791056, 1.4467919180281166, 1.709630978836146, 1.9999999989249444, 2.0000000016687416, 2.000000003867583, 2.000000005664223, 2.0000000071559896, 2.0000000084114737, 2.0000000094803716, 2.000000010399545, 2.000000011196893, 2.0000000118939063, 2.0000000125073933, 2.000000013050682, 2.000000013534468, 2.00000001396743, 2.000000014356676, 2.0000000147080823, 2.000000015026546",1.0,true
