x_solution,quantile_value,is_feasible
"-9.996682106930066e-9, 10.000000099999905, -9.999857628416274e-9, -9.99970234536417e-9, -9.999572002386723e-9",686.4220102155743,false
"10.00000009999981, -9.999854874195777e-9, -9.999842483330065e-9, -9.999212680443496e-9, -9.999452461515178e-9",872.5884845916971,false
"-9.999807122224014e-9, -9.999814028978071e-9, -9.999286668178375e-9, -9.996746816059004e-9, -9.996603296620166e-9",-100.0,true
