x_solution,quantile_value,is_feasible
"10.000000099999864, 10.000000099999866, -9.999869450065618e-9, -9.999053663378234e-9, -9.99979803302765e-9",906.6060575000819,false
"-9.999691718347688e-9, -9.999705738532532e-9, -9.99901833134101e-9, -9.999438880277596e-9, -9.999607385518343e-9",-100.0,true
