x_solution,quantile_value,is_feasible
"10.000000099999486, 10.00000009999931, -9.999479140567314e-9, -9.999089769469566e-9, -9.999389198051031e-9",876.9485825089039,false
"-9.999946729271362e-9, -9.999905262474736e-9, -9.99990360383528e-9, -9.999925041648816e-9, -9.999765451703809e-9",-100.0,true
