x_solution,quantile_value,is_feasible
"-9.999319989938466e-9, 10.00000009999963, -9.9993803872978e-9, -9.998773489206654e-9, -9.996624439786323e-9",686.422010215531,false
"10.000000099999145, -9.998150030127019e-9, -9.999493947388151e-9, 10.000000099993958, -9.997584290307524e-9",949.7816702046348,false
"-9.999325765064591e-9, 10.000000099998601, -9.999337506180059e-9, -9.999445662960272e-9, -9.998960432017144e-9",686.4220102153693,false
"-9.996975993248998e-9, -9.994914106493039e-9, -9.999301348271264e-9, -9.998896256670063e-9, -9.998405404417574e-9",-100.0,true
