x_solution,quantile_value,is_feasible
"-9.973821380431686e-9, -9.967295220519586e-9, 10.000000099963332, -9.963743649966222e-9, -9.968248605271348e-9",517.9476636341692,false
"-9.998146691508981e-9, -9.999393379063531e-9, -9.991104758572221e-9, -9.995455731491157e-9, -9.996565898663522e-9",-100.0,true
