x_solution,quantile_value,is_feasible
"10.000000099998928, -9.998604010082844e-9, -9.9997441171311e-9, -9.999102097177708e-9, -9.999629583201722e-9",705.1428760171897,false
"-9.999622798961854e-9, 10.000000099999522, 10.000000099997141, -9.999287245361094e-9, 10.000000099997756",1167.1454354909495,false
"-9.992343521329853e-9, -9.99828931031298e-9, -9.992639508830083e-9, -9.9988447708504e-9, -9.997810615036238e-9",-100.0,true
