x_solution,quantile_value,is_feasible
"-9.99668181532558e-9, 10.000000099999905, -9.999857631634137e-9, -9.999702353307945e-9, -9.999572015103583e-9",686.4220102155743,false
"10.000000099999864, -9.999816667442694e-9, -9.99983638702783e-9, 10.000000099992448, -9.99968754791963e-9",949.7816702047514,false
"-9.999325039192367e-9, -9.999042229263049e-9, -9.999599374118025e-9, -9.999706022279927e-9, -9.99963735751723e-9",-100.0,true
