x_solution,quantile_value,is_feasible
"10.000000099999864, 10.000000099999866, -9.999869450065505e-9, -9.999053663383147e-9, -9.999798033027547e-9",906.6060575000819,false
"-9.99974908967099e-9, -9.999783188004758e-9, -9.999255379773695e-9, -9.997991600191552e-9, -9.999606439701694e-9",-100.0,true
