x_solution,quantile_value,is_feasible
"10.000000099999864, 10.000000099999866, -9.999869450065573e-9, -9.99905366338021e-9, -9.999798033027608e-9",906.6060575000819,false
"-9.99969171834769e-9, -9.999705738532534e-9, -9.999018331341015e-9, -9.999438880277599e-9, -9.999607385518345e-9",-100.0,true
