x_solution,quantile_value,is_feasible
"10.00000009999166, 10.00000009999122, -9.992237043441528e-9, 10.000000099987647, -9.990320344530805e-9",1146.8590848220153,false
"-9.999593521358778e-9, 10.000000099999612, -9.999288125284152e-9, -9.999556415924765e-9, -9.998422205960197e-9",758.2937866594021,false
"-9.997227421717973e-9, -9.999100717499924e-9, -9.998584855399648e-9, -9.99922289691115e-9, -9.999456735473226e-9",-100.0,true
