x_solution,quantile_value,is_feasible
"10.00000009999931, 10.000000099999069, -9.99968104570354e-9, -9.999120063717626e-9, -9.999533238952324e-9",906.6060574999512,false
"-9.998774691424104e-9, 10.00000009999686, -9.999678111782685e-9, -9.99934492357261e-9, -9.999601035893291e-9",699.1807183737301,false
"10.000000099998518, -9.999087622059653e-9, -9.99977690219017e-9, -9.99960987342445e-9, -9.999763963148253e-9",705.1428760171235,false
"-9.996884170821787e-9, 10.00000009999014, 10.000000099998552, 10.000000099979307, 10.000000099997896",1354.881994120069,false
"10.000000099996216, -9.948527376135628e-9, -9.999015995578577e-9, -9.975023943250906e-9, -9.99827065912626e-9",705.1428760167529,false
"10.000000099983367, -9.998123112609837e-9, -9.986688933960466e-9, -9.998248027639801e-9, -9.99821888723995e-9",705.1428760146839,false
"-9.999138240199798e-9, 10.000000099998386, 10.000000099996642, -9.998528003406787e-9, -9.955843287583914e-9",949.8157814939652,false
"-9.982352754530507e-9, -9.991630800321317e-9, -9.999177763347956e-9, -9.999008165094953e-9, -9.999259148748527e-9",-100.0,true
