x_solution,quantile_value,is_feasible
"10.000000099998928, -9.998604010082837e-9, -9.999744117131097e-9, -9.999102097177705e-9, -9.999629583201718e-9",705.1428760171897,false
"-9.999622798961873e-9, 10.000000099999522, 10.000000099997141, -9.999287245361119e-9, 10.000000099997756",1167.1454354909495,false
"-9.992343521329373e-9, -9.99828931031297e-9, -9.992639508829655e-9, -9.998844770850394e-9, -9.99781061503622e-9",-100.0,true
