x_solution,quantile_value,is_feasible
"10.000000099999486, 10.00000009999931, -9.999479140567314e-9, -9.999089769469566e-9, -9.999389198051031e-9",876.9485825089039,false
"-9.99986261521399e-9, 10.000000099999353, -9.999877219500603e-9, -9.999835039819096e-9, -9.999853008741044e-9",758.2937866593576,false
"10.000000099999827, -9.999917935504952e-9, -9.999850538982017e-9, -9.999602835451159e-9, -9.999885273104775e-9",768.3001348880026,false
"-9.9998927864672e-9, -9.99987230377046e-9, -9.998686542150743e-9, -9.999816151316308e-9, -9.999556237292782e-9",-100.0,true
