x_solution,quantile_value,is_feasible
"10.000000099998898, -9.996572385373842e-9, -9.999362665414282e-9, -9.999409805192744e-9, -9.999443750082242e-9",705.1428760171848,false
"-9.998001950647592e-9, -9.998787872494866e-9, -9.99793319827543e-9, -9.999340313337467e-9, -9.99921535218754e-9",-100.0,true
