x_solution,quantile_value,is_feasible
"10.000000099999486, 10.00000009999931, -9.999479073607963e-9, -9.999089678669897e-9, -9.999389120912806e-9",876.9485825089039,false
"-9.999952811233397e-9, -9.999874133480921e-9, -9.999888813985554e-9, -9.999907475226436e-9, -9.999714612257565e-9",-100.0,true
