x_solution,quantile_value,is_feasible
"10.00000009998321, 10.000000099936754, -9.986473893148507e-9, -9.98587654537354e-9, -9.986826681269234e-9",876.9485825056831,false
"-9.992806621717822e-9, -9.99929482750751e-9, 10.000000099997088, -9.999180326284425e-9, -9.99841134118563e-9",639.5582174973468,false
"10.000000099999532, -9.999604087805477e-9, -9.99895050423285e-9, -9.99815014418136e-9, -9.999241212175068e-9",768.3001348879513,false
"-9.997352563930434e-9, -9.986946135705226e-9, 10.000000099990393, -9.998709375051765e-9, -9.996977056980167e-9",639.5582174963565,false
"-9.998751479973202e-9, -9.99947090391438e-9, -9.992029715623776e-9, -9.997359028175762e-9, -9.990915146842521e-9",-100.0,true
