x_solution,quantile_value,is_feasible
"-9.971279082967258e-9, -9.969179877793652e-9, -9.974542754803382e-9, -9.975201638615775e-9, -9.968136869544744e-9",-100.0,true
