x_solution,quantile_value,is_feasible
"10.00000009999931, 10.000000099999069, -9.99968104570379e-9, -9.99912006371805e-9, -9.999533238952614e-9",906.6060574999512,false
"-9.999862323056989e-9, 10.000000099999111, -9.998755292043297e-9, -9.999796434997987e-9, -9.99956127641898e-9",699.1807183740898,false
"-9.999298437314412e-9, 10.000000099998156, 10.0000000999986, -9.999101773803566e-9, -9.990922914927993e-9",949.8157814941367,false
"-9.998600639975059e-9, -9.998427166855854e-9, -9.999797696408569e-9, -9.998876082485267e-9, -9.999657707460114e-9",-100.0,true
