x_solution,quantile_value,is_feasible
"10.000000099999486, 10.00000009999931, -9.999479140567314e-9, -9.999089769469566e-9, -9.999389198051031e-9",876.9485825089039,false
"-9.999952811233402e-9, -9.99987413348093e-9, -9.999888813985564e-9, -9.999907475226444e-9, -9.999714612257588e-9",-100.0,true
