x_solution,quantile_value,is_feasible
"-9.999319989939734e-9, 10.00000009999963, -9.999380387298946e-9, -9.998773489209874e-9, -9.996624439808602e-9",686.422010215531,false
"10.000000099999472, -9.999582905420154e-9, -9.99767673990453e-9, 10.000000099994958, -9.998957096412968e-9",949.7816702047139,false
"-9.998320276470307e-9, -9.998594628703193e-9, 10.00000009999871, -9.994303132842254e-9, -9.99336818040199e-9",517.9476636385416,false
"-9.999642565026341e-9, 10.000000099974502, 10.000000099999637, 10.000000099997482, 10.000000099999408",994.0527872386385,false
"-9.999056187151434e-9, 10.000000099999005, 10.00000009999903, 10.000000099997578, 10.000000099998921",994.0527872413525,false
"10.00000009999912, -9.999755759490206e-9, -9.999596584315965e-9, -9.999460072354691e-9, -9.999313784198536e-9",872.5884845915631,false
"-9.999694530807739e-9, -9.999069226628654e-9, -9.999580371399643e-9, -9.999514347637203e-9, -9.99921291505408e-9",-100.0,true
