x_solution,quantile_value,is_feasible
"-9.999319989938678e-9, 10.00000009999963, -9.999380387297991e-9, -9.998773489207192e-9, -9.996624439790037e-9",686.422010215531,false
"-9.996360334388804e-9, -9.998596548741288e-9, -9.998370205172622e-9, -9.999251877646552e-9, -9.999365524320887e-9",-100.0,true
