x_solution,quantile_value,is_feasible
"-9.99668144759017e-9, 10.000000099999905, -9.999857633232068e-9, -9.999702357120312e-9, -9.999572020947094e-9",686.4220102155743,false
"10.000000099999864, -9.99981666744188e-9, -9.99983638702711e-9, 10.000000099992448, -9.999687547918167e-9",949.7816702047514,false
"-9.999325039192367e-9, -9.999042229263049e-9, -9.999599374118025e-9, -9.999706022279925e-9, -9.99963735751723e-9",-100.0,true
