x_solution,quantile_value,is_feasible
"10.000000099999486, 10.00000009999931, -9.999479040120099e-9, -9.999089633259369e-9, -9.999389082334505e-9",876.9485825089039,false
"-9.999946729271352e-9, -9.999905262474723e-9, -9.999903603835267e-9, -9.999925041648805e-9, -9.999765451703783e-9",-100.0,true
