x_solution,quantile_value,is_feasible
"10.000000099999891, 10.000000099898966, -9.99988845638617e-9, 10.000000099995397, -9.99980646419805e-9",870.2296256313291,false
"-9.999827199203703e-9, -9.999577457180309e-9, -9.99958283066111e-9, -9.999901856524496e-9, -9.99978101243202e-9",-100.0,true
