x_solution,quantile_value,is_feasible
"10.00000009999166, 10.00000009999122, -9.992237070791004e-9, 10.000000099987647, -9.99032037786044e-9",1146.8590848220153,false
"-9.999593521358862e-9, 10.000000099999612, -9.999288125284426e-9, -9.99955641592487e-9, -9.998422205961372e-9",758.2937866594021,false
"-9.997227421717971e-9, -9.999100717499925e-9, -9.99858485539965e-9, -9.999222896911153e-9, -9.999456735473228e-9",-100.0,true
