x_solution,quantile_value,is_feasible
"10.000000099999864, 10.000000099999866, -9.999869450065527e-9, -9.99905366338217e-9, -9.999798033027567e-9",906.6060575000819,false
"-9.999749089670989e-9, -9.999783188004757e-9, -9.999255379773691e-9, -9.99799160019154e-9, -9.999606439701692e-9",-100.0,true
