x_solution,quantile_value,is_feasible
"10.000000099999486, 10.00000009999931, -9.99947917403882e-9, -9.999089814858713e-9, -9.999389236610988e-9",876.9485825089039,false
"-9.999952811233406e-9, -9.999874133480936e-9, -9.999888813985567e-9, -9.999907475226449e-9, -9.9997146122576e-9",-100.0,true
