x_solution,quantile_value,is_feasible
"10.00000009999166, 10.00000009999122, -9.992237016091813e-9, 10.000000099987645, -9.990320311200985e-9",1146.8590848220151,false
"-9.999673763803386e-9, -9.999466407474137e-9, 10.000000099999113, -9.999538647686956e-9, -9.999261198782032e-9",639.5582174976464,false
"10.000000099998914, -9.99929239118475e-9, -9.999326546021814e-9, -9.999047182955435e-9, -9.999488570325027e-9",768.300134887844,false
"-9.999788013065087e-9, 10.00000009999782, -9.997928257187206e-9, -9.999665986631714e-9, -9.999223759972676e-9",758.2937866590945,false
"10.000000099998845, -9.999387090124608e-9, -9.976249154485041e-9, 10.000000099997823, -9.997452346039302e-9",949.7816702046362,false
"-9.999562149964774e-9, 10.000000099992063, 10.000000099999328, 10.000000099997939, 10.000000099999337",1305.9801165476642,false
"-9.995663919149798e-9, -9.99975178134801e-9, -9.99970428360315e-9, -9.999780347607809e-9, -9.999775176633426e-9",-100.0,true
