x_solution,quantile_value,is_feasible
"-9.996681723811585e-9, 10.000000099999905, -9.999857631221205e-9, -9.99970235220886e-9, -9.999572013189695e-9",686.4220102155743,false
"10.000000099999843, -9.999858321109788e-9, -9.999852785267698e-9, -9.999177912155485e-9, -9.999642400879679e-9",872.5884845917036,false
"-9.999822599476358e-9, -9.999798597223278e-9, 10.000000099999108, 10.00000009993509, -9.99832669521419e-9",699.540285277974,false
"-9.99947238727132e-9, -9.999237303470572e-9, -9.999426619371535e-9, 10.000000099999205, 10.000000099999184",602.8603561157382,false
"-9.986675424387535e-9, -9.999661883124692e-9, -9.999564723096475e-9, -9.998294564433145e-9, -9.999413431356973e-9",-100.0,true
