x_solution,quantile_value,is_feasible
"-9.996681896593415e-9, 10.000000099999905, -9.999857629976884e-9, -9.999702349170643e-9, -9.999572008392372e-9",686.4220102155743,false
"10.00000009999981, -9.999854874195775e-9, -9.999842483330064e-9, -9.999212680443492e-9, -9.999452461515177e-9",872.5884845916971,false
"-9.999807122223987e-9, -9.999814028978045e-9, -9.999286668178318e-9, -9.996746816058628e-9, -9.996603296619757e-9",-100.0,true
