x_solution,quantile_value,is_feasible
"10.00000009999931, 10.000000099999069, -9.999681045703624e-9, -9.999120063717768e-9, -9.999533238952422e-9",906.6060574999512,false
"-9.998774691424007e-9, 10.00000009999686, -9.999678111782664e-9, -9.999344923572568e-9, -9.999601035893265e-9",699.1807183737301,false
"10.000000099998518, -9.999087622059655e-9, -9.99977690219017e-9, -9.99960987342445e-9, -9.999763963148253e-9",705.1428760171235,false
"-9.996884170832425e-9, 10.00000009999014, 10.000000099998552, 10.000000099979307, 10.000000099997896",1354.881994120069,false
"10.000000099996216, -9.948527376159722e-9, -9.999015995578583e-9, -9.975023943255057e-9, -9.998270659126278e-9",705.1428760167529,false
"10.000000099983367, -9.99812311260984e-9, -9.986688933960736e-9, -9.998248027639803e-9, -9.998218887239953e-9",705.1428760146839,false
"-9.999138240199805e-9, 10.000000099998386, 10.000000099996642, -9.9985280034068e-9, -9.955843287596345e-9",949.8157814939652,false
"-9.98235275452751e-9, -9.991630800320854e-9, -9.999177763347954e-9, -9.99900816509495e-9, -9.999259148748527e-9",-100.0,true
