x_solution,quantile_value,is_feasible
"10.00000009999931, 10.000000099999069, -9.999681045703735e-9, -9.999120063717957e-9, -9.99953323895255e-9",906.6060574999512,false
"-9.999862323057039e-9, 10.000000099999111, -9.99875529204357e-9, -9.999796434998046e-9, -9.999561276419074e-9",699.1807183740898,false
"-9.999298437314552e-9, 10.000000099998156, 10.0000000999986, -9.999101773803797e-9, -9.990922914949425e-9",949.8157814941367,false
"-9.998600639975056e-9, -9.99842716685585e-9, -9.999797696408569e-9, -9.998876082485265e-9, -9.999657707460114e-9",-100.0,true
