x_solution,quantile_value,is_feasible
"10.00000009999931, 10.000000099999069, -9.99968104570368e-9, -9.999120063717862e-9, -9.999533238952486e-9",906.6060574999512,false
"-9.99983110994175e-9, -9.999805738698951e-9, -9.999417339690903e-9, -9.999217558893629e-9, -9.999559940107404e-9",-100.0,true
