x_solution,quantile_value,is_feasible
"10.000000099999486, 10.00000009999931, -9.999478839078351e-9, -9.999089360646453e-9, -9.999388850735937e-9",876.9485825089039,false
"-9.99995281123338e-9, -9.999874133480884e-9, -9.999888813985523e-9, -9.99990747522641e-9, -9.999714612257487e-9",-100.0,true
