x_solution,quantile_value,is_feasible
"-9.971279456578509e-9, -9.969180285853734e-9, -9.974543074069635e-9, -9.975201945217985e-9, -9.968137294712615e-9",-100.0,true
