x_solution,quantile_value,is_feasible
"10.00000009998321, 10.000000099936754, -9.986473664113366e-9, -9.985876308498738e-9, -9.986826455782684e-9",876.9485825056831,false
"-9.992806621717291e-9, -9.999294827507506e-9, 10.000000099997088, -9.999180326284422e-9, -9.998411341185617e-9",639.5582174973468,false
"10.000000099999532, -9.999604087805796e-9, -9.998950504232657e-9, -9.998150144180393e-9, -9.999241212175127e-9",768.3001348879513,false
"-9.997352563930528e-9, -9.986946135712485e-9, 10.000000099990393, -9.998709375051783e-9, -9.996977056980298e-9",639.5582174963565,false
"-9.998751479973204e-9, -9.99947090391438e-9, -9.992029715624415e-9, -9.99735902817578e-9, -9.990915146843486e-9",-100.0,true
