x_solution,quantile_value,is_feasible
"10.000000099999486, 10.00000009999931, -9.9994789061141e-9, -9.999089451545966e-9, -9.999388927959971e-9",876.9485825089039,false
"-9.999952811233386e-9, -9.999874133480894e-9, -9.999888813985531e-9, -9.999907475226418e-9, -9.999714612257508e-9",-100.0,true
