x_solution,quantile_value,is_feasible
"0.9708706414391385, 1.0069479676656956, 1.208634728497495, 0.22458660256906635, 1.621977505275156",-80.64850274073575,true
