x_solution,quantile_value,is_feasible
"10.00000009999931, 10.000000099999069, -9.999681045703513e-9, -9.99912006371758e-9, -9.999533238952293e-9",906.6060574999512,false
"-9.998774691424136e-9, 10.00000009999686, -9.999678111782693e-9, -9.999344923572624e-9, -9.9996010358933e-9",699.1807183737301,false
"10.000000099998518, -9.999087622059652e-9, -9.99977690219017e-9, -9.999609873424449e-9, -9.999763963148251e-9",705.1428760171235,false
"-9.996884170818245e-9, 10.00000009999014, 10.000000099998552, 10.000000099979307, 10.000000099997896",1354.881994120069,false
"10.000000099996216, -9.948527376127597e-9, -9.999015995578575e-9, -9.975023943249523e-9, -9.998270659126255e-9",705.1428760167529,false
"10.000000099983367, -9.998123112609837e-9, -9.986688933960375e-9, -9.9982480276398e-9, -9.998218887239948e-9",705.1428760146839,false
"-9.999138240199797e-9, 10.000000099998386, 10.000000099996642, -9.998528003406782e-9, -9.95584328757977e-9",949.8157814939652,false
"-9.982352754531506e-9, -9.991630800321471e-9, -9.999177763347956e-9, -9.999008165094955e-9, -9.999259148748528e-9",-100.0,true
