x_solution,quantile_value,is_feasible
"10.00000009998321, 10.000000099936756, -9.986474274867478e-9, -9.985876940158867e-9, -9.986827057073983e-9",876.9485825056831,false
"-9.992806621718709e-9, -9.999294827507514e-9, 10.000000099997088, -9.99918032628443e-9, -9.998411341185652e-9",639.5582174973468,false
"10.000000099999532, -9.999604087804947e-9, -9.998950504233173e-9, -9.998150144182968e-9, -9.999241212174969e-9",768.3001348879513,false
"-9.997352563930278e-9, -9.986946135693128e-9, 10.000000099990393, -9.998709375051734e-9, -9.99697705697995e-9",639.5582174963565,false
"-9.9987514799732e-9, -9.99947090391438e-9, -9.99202971562272e-9, -9.997359028175736e-9, -9.99091514684092e-9",-100.0,true
