x_solution,quantile_value,is_feasible
"1.0000031837609609, 1.0000031845089863, 1.0000031843911257, 1.0000031844996662, 1.000003184413524, 1.0000031843057602, 1.000003183811282, 1.0000031845273227, 1.000003184525227, 1.0000031843021882",-78.07253090496837,true
