x_solution,quantile_value,is_feasible
"-9.999319989939312e-9, 10.00000009999963, -9.999380387298564e-9, -9.998773489208802e-9, -9.99662443980118e-9",686.422010215531,false
"10.000000099999472, -9.999582905420018e-9, -9.997676739904224e-9, 10.000000099994958, -9.998957096412791e-9",949.7816702047139,false
"-9.998320276470304e-9, -9.99859462870319e-9, 10.00000009999871, -9.994303132842221e-9, -9.993368180401948e-9",517.9476636385416,false
"-9.999642565026162e-9, 10.000000099974502, 10.000000099999637, 10.000000099997482, 10.000000099999408",994.0527872386385,false
"-9.999056187158367e-9, 10.000000099999005, 10.00000009999903, 10.000000099997578, 10.000000099998921",994.0527872413525,false
"10.00000009999912, -9.99975575949024e-9, -9.999596584316013e-9, -9.99946007235475e-9, -9.999313784198608e-9",872.5884845915631,false
"-9.999694530807743e-9, -9.999069226628662e-9, -9.999580371399648e-9, -9.999514347637208e-9, -9.999212915054087e-9",-100.0,true
