x_solution,quantile_value,is_feasible
"-9.973820120009444e-9, -9.967293722404758e-9, 10.000000099963332, -9.96374206304396e-9, -9.968247137745368e-9",517.9476636341692,false
"-9.998146691508981e-9, -9.999393379063531e-9, -9.991104758572218e-9, -9.995455731491157e-9, -9.996565898663522e-9",-100.0,true
