x_solution,quantile_value,is_feasible
"-9.999319989938678e-9, 10.00000009999963, -9.999380387297991e-9, -9.998773489207192e-9, -9.996624439790037e-9",686.422010215531,false
"10.000000099999145, -9.998150030125534e-9, -9.999493947388014e-9, 10.000000099993958, -9.99758429030498e-9",949.7816702046348,false
"-9.999325765064588e-9, 10.000000099998601, -9.999337506180054e-9, -9.999445662960269e-9, -9.998960432017139e-9",686.4220102153693,false
"-9.996975993249e-9, -9.994914106493049e-9, -9.999301348271262e-9, -9.998896256670063e-9, -9.998405404417573e-9",-100.0,true
