x_solution,quantile_value,is_feasible
"10.000000099999486, 10.00000009999931, -9.999478973128012e-9, -9.999089542416925e-9, -9.999389005159493e-9",876.9485825089039,false
"-9.99986261521376e-9, 10.000000099999353, -9.99987721950039e-9, -9.99983503981884e-9, -9.999853008740804e-9",758.2937866593576,false
"10.000000099999827, -9.999917935504952e-9, -9.999850538982018e-9, -9.999602835451162e-9, -9.999885273104777e-9",768.3001348880026,false
"-9.9998927864672e-9, -9.999872303770459e-9, -9.998686542150709e-9, -9.999816151316304e-9, -9.999556237292774e-9",-100.0,true
