x_solution,quantile_value,is_feasible
"-9.999319989938256e-9, 10.00000009999963, -9.999380387297609e-9, -9.998773489206118e-9, -9.996624439782606e-9",686.422010215531,false
"10.000000099999145, -9.998150030128506e-9, -9.999493947388288e-9, 10.000000099993958, -9.997584290310073e-9",949.7816702046348,false
"-9.999325765064595e-9, 10.000000099998601, -9.999337506180062e-9, -9.999445662960275e-9, -9.998960432017149e-9",686.4220102153693,false
"-9.996975993248998e-9, -9.994914106493027e-9, -9.999301348271264e-9, -9.998896256670063e-9, -9.998405404417574e-9",-100.0,true
