x_solution,quantile_value,is_feasible
"-9.99931998993889e-9, 10.00000009999963, -9.999380387298181e-9, -9.998773489207728e-9, -9.996624439793753e-9",686.422010215531,false
"-9.996360334388803e-9, -9.998596548741286e-9, -9.99837020517262e-9, -9.99925187764655e-9, -9.999365524320885e-9",-100.0,true
