x_solution,quantile_value,is_feasible
"10.000000099999864, 10.000000099999866, -9.999869450065482e-9, -9.999053663384122e-9, -9.999798033027526e-9",906.6060575000819,false
"-9.99974908967099e-9, -9.99978318800476e-9, -9.999255379773698e-9, -9.997991600191564e-9, -9.999606439701695e-9",-100.0,true
