x_solution,quantile_value,is_feasible
"10.00000009999166, 10.00000009999122, -9.992237070791004e-9, 10.000000099987647, -9.99032037786044e-9",1146.8590848220153,false
"-9.999673763803384e-9, -9.999466407474135e-9, 10.000000099999113, -9.999538647686954e-9, -9.99926119878203e-9",639.5582174976464,false
"10.000000099998914, -9.999292391184749e-9, -9.999326546021812e-9, -9.999047182955433e-9, -9.999488570325026e-9",768.300134887844,false
"-9.999788013065088e-9, 10.00000009999782, -9.997928257187214e-9, -9.999665986631715e-9, -9.99922375997268e-9",758.2937866590945,false
"10.000000099998845, -9.999387090124605e-9, -9.9762491544732e-9, 10.000000099997823, -9.997452346039302e-9",949.7816702046362,false
"-9.999562149964566e-9, 10.000000099992063, 10.000000099999328, 10.000000099997939, 10.000000099999337",1305.9801165476642,false
"-9.99566391915187e-9, -9.99975178134803e-9, -9.999704283603175e-9, -9.999780347607827e-9, -9.999775176633444e-9",-100.0,true
