x_solution,quantile_value,is_feasible
"-9.999319989938043e-9, 10.00000009999963, -9.999380387297417e-9, -9.99877348920558e-9, -9.996624439778889e-9",686.422010215531,false
"-9.99636033438881e-9, -9.998596548741294e-9, -9.99837020517263e-9, -9.999251877646559e-9, -9.999365524320893e-9",-100.0,true
