x_solution,quantile_value,is_feasible
"-9.999319989938043e-9, 10.00000009999963, -9.999380387297417e-9, -9.99877348920558e-9, -9.996624439778889e-9",686.422010215531,false
"10.000000099999472, -9.999582905419608e-9, -9.997676739903304e-9, 10.000000099994958, -9.998957096412258e-9",949.7816702047139,false
"-9.998320276470294e-9, -9.998594628703183e-9, 10.00000009999871, -9.994303132842127e-9, -9.99336818040182e-9",517.9476636385416,false
"-9.99964256502563e-9, 10.000000099974502, 10.000000099999637, 10.000000099997482, 10.000000099999408",994.0527872386385,false
"-9.99905618717946e-9, 10.000000099999005, 10.00000009999903, 10.000000099997578, 10.000000099998921",994.0527872413525,false
"10.00000009999912, -9.999755759490345e-9, -9.999596584316157e-9, -9.999460072354931e-9, -9.99931378419883e-9",872.5884845915631,false
"-9.999694530807758e-9, -9.999069226628686e-9, -9.999580371399665e-9, -9.999514347637226e-9, -9.99921291505411e-9",-100.0,true
