x_solution,quantile_value,is_feasible
"-9.999319989937831e-9, 10.00000009999963, -9.999380387297225e-9, -9.998773489205043e-9, -9.996624439775168e-9",686.422010215531,false
"10.000000099999472, -9.99958290541954e-9, -9.997676739903154e-9, 10.000000099994958, -9.998957096412169e-9",949.7816702047139,false
"-9.998320276470292e-9, -9.998594628703181e-9, 10.00000009999871, -9.99430313284211e-9, -9.993368180401799e-9",517.9476636385416,false
"-9.99964256502554e-9, 10.000000099974502, 10.000000099999637, 10.000000099997482, 10.000000099999408",994.0527872386385,false
"-9.999056187183019e-9, 10.000000099999005, 10.00000009999903, 10.000000099997578, 10.000000099998921",994.0527872413525,false
"10.00000009999912, -9.999755759490362e-9, -9.999596584316181e-9, -9.99946007235496e-9, -9.999313784198867e-9",872.5884845915631,false
"-9.999694530807762e-9, -9.99906922662869e-9, -9.999580371399668e-9, -9.999514347637228e-9, -9.999212915054114e-9",-100.0,true
