x_solution,quantile_value,is_feasible
"-9.973821884588131e-9, -9.967295819751032e-9, 10.000000099963334, -9.963744284720325e-9, -9.96824919226751e-9",517.9476636341694,false
"-9.998146691508981e-9, -9.999393379063531e-9, -9.991104758572221e-9, -9.995455731491157e-9, -9.99656589866352e-9",-100.0,true
