x_solution,quantile_value,is_feasible
"-9.99931998993762e-9, 10.00000009999963, -9.999380387297033e-9, -9.998773489204505e-9, -9.996624439771449e-9",686.422010215531,false
"10.000000099999145, -9.998150030132972e-9, -9.9994939473887e-9, 10.000000099993958, -9.997584290317721e-9",949.7816702046348,false
"-9.999325765064608e-9, 10.000000099998601, -9.999337506180074e-9, -9.999445662960287e-9, -9.998960432017165e-9",686.4220102153693,false
"-9.996975993248994e-9, -9.994914106492993e-9, -9.999301348271267e-9, -9.998896256670067e-9, -9.998405404417576e-9",-100.0,true
