x_solution,quantile_value,is_feasible
"-9.971279316488259e-9, -9.96918013284602e-9, -9.974542954357515e-9, -9.975201830254597e-9, -9.968137135289844e-9",-100.0,true
