x_solution,quantile_value,is_feasible
"10.00000009999931, 10.000000099999069, -9.999681045703652e-9, -9.999120063717815e-9, -9.999533238952453e-9",906.6060574999512,false
"-9.999862323057113e-9, 10.000000099999111, -9.99875529204398e-9, -9.999796434998134e-9, -9.999561276419216e-9",699.1807183740898,false
"-9.999298437314763e-9, 10.000000099998156, 10.0000000999986, -9.999101773804148e-9, -9.990922914981603e-9",949.8157814941367,false
"-9.998600639975052e-9, -9.998427166855844e-9, -9.999797696408569e-9, -9.998876082485262e-9, -9.999657707460114e-9",-100.0,true
