x_solution,quantile_value,is_feasible
"10.000000099999806, 10.000000099999498, -9.999887331778718e-9, -9.99951514714381e-9, -9.999849632145524e-9",751.5617001688665,false
"-9.999978945227807e-9, -9.999808757784064e-9, -9.990274416420414e-9, -9.999949841477015e-9, -9.999775741646052e-9",-100.0,true
