x_solution,quantile_value,is_feasible
"10.000000099998928, -9.998604010082819e-9, -9.99974411713109e-9, -9.999102097177691e-9, -9.99962958320171e-9",705.1428760171897,false
"-9.999622798961924e-9, 10.000000099999522, 10.000000099997141, -9.999287245361183e-9, 10.000000099997756",1167.1454354909495,false
"-9.992343521327937e-9, -9.99828931031294e-9, -9.992639508828366e-9, -9.998844770850383e-9, -9.997810615036165e-9",-100.0,true
