x_solution,quantile_value,is_feasible
"10.000000099999486, 10.00000009999931, -9.999478839078351e-9, -9.999089360646453e-9, -9.999388850735937e-9",876.9485825089039,false
"-9.999946729271333e-9, -9.999905262474697e-9, -9.99990360383524e-9, -9.999925041648782e-9, -9.999765451703731e-9",-100.0,true
