x_solution,quantile_value,is_feasible
"-9.9712792230853e-9, -9.969180030831013e-9, -9.974542874540807e-9, -9.975201753604045e-9, -9.968137028997691e-9",-100.0,true
