x_solution,quantile_value,is_feasible
"10.000000099998928, -9.998604010082834e-9, -9.999744117131097e-9, -9.999102097177701e-9, -9.999629583201717e-9",705.1428760171897,false
"-9.99962279896188e-9, 10.000000099999522, 10.000000099997141, -9.999287245361129e-9, 10.000000099997756",1167.1454354909495,false
"-9.992343521329135e-9, -9.998289310312964e-9, -9.99263950882944e-9, -9.998844770850393e-9, -9.997810615036212e-9",-100.0,true
