x_solution,quantile_value,is_feasible
"10.000000099999486, 10.00000009999931, -9.99947917403882e-9, -9.999089814858713e-9, -9.999389236610988e-9",876.9485825089039,false
"-9.999862615214036e-9, 10.000000099999353, -9.999877219500646e-9, -9.999835039819147e-9, -9.999853008741092e-9",758.2937866593576,false
"10.000000099999827, -9.99991793550495e-9, -9.999850538982017e-9, -9.999602835451159e-9, -9.999885273104775e-9",768.3001348880026,false
"-9.999892786467202e-9, -9.99987230377046e-9, -9.998686542150752e-9, -9.99981615131631e-9, -9.999556237292784e-9",-100.0,true
