x_solution,quantile_value,is_feasible
"-9.99931998993762e-9, 10.00000009999963, -9.999380387297033e-9, -9.998773489204505e-9, -9.996624439771449e-9",686.422010215531,false
"-9.996360334388814e-9, -9.9985965487413e-9, -9.998370205172635e-9, -9.999251877646562e-9, -9.999365524320898e-9",-100.0,true
