x_solution,quantile_value,is_feasible
"10.00000009998321, 10.000000099936754, -9.98647381680376e-9, -9.985876466415616e-9, -9.986826606107369e-9",876.9485825056831,false
"-9.992806621717645e-9, -9.999294827507508e-9, 10.000000099997088, -9.999180326284424e-9, -9.998411341185625e-9",639.5582174973468,false
"10.000000099999532, -9.999604087805582e-9, -9.998950504232786e-9, -9.998150144181038e-9, -9.999241212175088e-9",768.3001348879513,false
"-9.997352563930465e-9, -9.986946135707646e-9, 10.000000099990393, -9.99870937505177e-9, -9.99697705698021e-9",639.5582174963565,false
"-9.998751479973202e-9, -9.99947090391438e-9, -9.99202971562399e-9, -9.997359028175769e-9, -9.990915146842842e-9",-100.0,true
