x_solution,quantile_value,is_feasible
"10.000000099998928, -9.998604010082822e-9, -9.999744117131092e-9, -9.999102097177693e-9, -9.999629583201712e-9",705.1428760171897,false
"-9.999622798961914e-9, 10.000000099999522, 10.000000099997141, -9.999287245361173e-9, 10.000000099997756",1167.1454354909495,false
"-9.992343521328177e-9, -9.998289310312945e-9, -9.992639508828581e-9, -9.998844770850384e-9, -9.997810615036175e-9",-100.0,true
