x_solution,quantile_value,is_feasible
"10.00000009999931, 10.000000099999069, -9.999681045703707e-9, -9.999120063717909e-9, -9.999533238952518e-9",906.6060574999512,false
"-9.99877469142391e-9, 10.00000009999686, -9.999678111782642e-9, -9.999344923572526e-9, -9.999601035893238e-9",699.1807183737301,false
"10.000000099998518, -9.999087622059658e-9, -9.999776902190171e-9, -9.999609873424452e-9, -9.999763963148254e-9",705.1428760171235,false
"-9.99688417084308e-9, 10.00000009999014, 10.000000099998552, 10.000000099979307, 10.000000099997896",1354.881994120069,false
"10.000000099996216, -9.948527376183816e-9, -9.999015995578588e-9, -9.975023943259208e-9, -9.998270659126294e-9",705.1428760167529,false
"10.000000099983367, -9.998123112609843e-9, -9.986688933961007e-9, -9.998248027639806e-9, -9.998218887239956e-9",705.1428760146839,false
"-9.99913824019981e-9, 10.000000099998386, 10.000000099996642, -9.998528003406815e-9, -9.955843287608778e-9",949.8157814939652,false
"-9.982352754524515e-9, -9.991630800320391e-9, -9.999177763347952e-9, -9.999008165094947e-9, -9.999259148748525e-9",-100.0,true
