x_solution,quantile_value,is_feasible
"-9.999319989938466e-9, 10.00000009999963, -9.9993803872978e-9, -9.998773489206654e-9, -9.996624439786323e-9",686.422010215531,false
"10.000000099999472, -9.999582905419745e-9, -9.997676739903612e-9, 10.000000099994958, -9.998957096412435e-9",949.7816702047139,false
"-9.998320276470297e-9, -9.998594628703186e-9, 10.00000009999871, -9.994303132842158e-9, -9.993368180401862e-9",517.9476636385416,false
"-9.999642565025807e-9, 10.000000099974502, 10.000000099999637, 10.000000099997482, 10.000000099999408",994.0527872386385,false
"-9.999056187172381e-9, 10.000000099999005, 10.00000009999903, 10.000000099997578, 10.000000099998921",994.0527872413525,false
"10.00000009999912, -9.99975575949031e-9, -9.999596584316109e-9, -9.999460072354871e-9, -9.999313784198757e-9",872.5884845915631,false
"-9.999694530807753e-9, -9.999069226628677e-9, -9.99958037139966e-9, -9.99951434763722e-9, -9.999212915054102e-9",-100.0,true
