x_solution,quantile_value,is_feasible
"10.00000009999166, 10.00000009999122, -9.992237016091813e-9, 10.000000099987645, -9.990320311200985e-9",1146.8590848220151,false
"-9.999593521358693e-9, 10.000000099999612, -9.999288125283877e-9, -9.99955641592466e-9, -9.998422205959021e-9",758.2937866594021,false
"-9.997227421717974e-9, -9.999100717499922e-9, -9.998584855399646e-9, -9.99922289691115e-9, -9.999456735473224e-9",-100.0,true
