x_solution,quantile_value,is_feasible
"10.000000099998928, -9.998604010082827e-9, -9.999744117131094e-9, -9.999102097177698e-9, -9.999629583201715e-9",705.1428760171897,false
"-9.999622798961897e-9, 10.000000099999522, 10.000000099997141, -9.99928724536115e-9, 10.000000099997756",1167.1454354909495,false
"-9.992343521328655e-9, -9.998289310312955e-9, -9.99263950882901e-9, -9.99884477085039e-9, -9.997810615036193e-9",-100.0,true
