x_solution,quantile_value,is_feasible
"10.000000099999806, 10.000000099999498, -9.999887331778718e-9, -9.99951514714381e-9, -9.999849632145524e-9",751.5617001688665,false
"-9.999970162947582e-9, 10.000000099999355, -9.999888185308221e-9, -9.999947670348454e-9, -9.999905721969578e-9",458.38462019754843,false
"-9.999891166875554e-9, 10.000000099999715, -9.999495003656998e-9, -9.999809616633868e-9, -9.999621364646829e-9",458.3846201975887,false
"10.000000099999125, -9.987080729451747e-9, -9.999200081900095e-9, 10.000000099995852, -9.99869558763577e-9",670.0324198385881,false
"-9.999924549151152e-9, 10.000000099999724, 10.000000099998951, -9.999679750631915e-9, 10.000000099999033",981.4644293839483,false
"-9.999850854230382e-9, -9.99988243249773e-9, -9.998835229870552e-9, -9.999869253830221e-9, -9.999830057025332e-9",-100.0,true
