x_solution,quantile_value,is_feasible
"10.000000099998928, -9.998604010082846e-9, -9.999744117131102e-9, -9.99910209717771e-9, -9.999629583201723e-9",705.1428760171897,false
"-9.999622798961846e-9, 10.000000099999522, 10.000000099997141, -9.999287245361084e-9, 10.000000099997756",1167.1454354909495,false
"-9.992343521330093e-9, -9.998289310312986e-9, -9.992639508830298e-9, -9.998844770850401e-9, -9.997810615036248e-9",-100.0,true
