x_solution,quantile_value,is_feasible
"10.000000099999486, 10.00000009999931, -9.999478973128012e-9, -9.999089542416925e-9, -9.999389005159493e-9",876.9485825089039,false
"-9.99995281123339e-9, -9.999874133480906e-9, -9.99988881398554e-9, -9.999907475226424e-9, -9.999714612257531e-9",-100.0,true
