x_solution,quantile_value,is_feasible
"10.000000099999486, 10.00000009999931, -9.9994789061141e-9, -9.999089451545966e-9, -9.999388927959971e-9",876.9485825089039,false
"-9.99994672927134e-9, -9.999905262474705e-9, -9.999903603835249e-9, -9.999925041648788e-9, -9.999765451703748e-9",-100.0,true
