x_solution,quantile_value,is_feasible
"10.00000009998321, 10.000000099936754, -9.986473740458643e-9, -9.985876387457402e-9, -9.986826530945185e-9",876.9485825056831,false
"-9.992806621717468e-9, -9.999294827507508e-9, 10.000000099997088, -9.999180326284422e-9, -9.998411341185622e-9",639.5582174973468,false
"10.000000099999532, -9.999604087805688e-9, -9.998950504232721e-9, -9.998150144180717e-9, -9.999241212175108e-9",768.3001348879513,false
"-9.997352563930497e-9, -9.986946135710065e-9, 10.000000099990393, -9.998709375051777e-9, -9.996977056980255e-9",639.5582174963565,false
"-9.998751479973202e-9, -9.99947090391438e-9, -9.992029715624202e-9, -9.997359028175774e-9, -9.990915146843163e-9",-100.0,true
