x_solution,quantile_value,is_feasible
"-9.97382213666376e-9, -9.967296119364003e-9, 10.000000099963334, -9.963744602094465e-9, -9.968249485762943e-9",517.9476636341694,false
"-9.998146691508981e-9, -9.999393379063531e-9, -9.991104758572223e-9, -9.995455731491157e-9, -9.99656589866352e-9",-100.0,true
