x_solution,quantile_value,is_feasible
"10.000000099999486, 10.00000009999931, -9.999479107090362e-9, -9.999089724073271e-9, -9.999389159484959e-9",876.9485825089039,false
"-9.999946729271359e-9, -9.999905262474733e-9, -9.999903603835277e-9, -9.999925041648811e-9, -9.999765451703801e-9",-100.0,true
