x_solution,quantile_value,is_feasible
"-9.999319989937831e-9, 10.00000009999963, -9.999380387297225e-9, -9.998773489205043e-9, -9.996624439775168e-9",686.422010215531,false
"10.000000099999145, -9.998150030131484e-9, -9.999493947388563e-9, 10.000000099993958, -9.997584290315172e-9",949.7816702046348,false
"-9.999325765064603e-9, 10.000000099998601, -9.99933750618007e-9, -9.999445662960284e-9, -9.998960432017159e-9",686.4220102153693,false
"-9.996975993248996e-9, -9.994914106493006e-9, -9.999301348271265e-9, -9.998896256670065e-9, -9.998405404417576e-9",-100.0,true
