x_solution,quantile_value,is_feasible
"10.000000099999486, 10.00000009999931, -9.999478973128012e-9, -9.999089542416925e-9, -9.999389005159493e-9",876.9485825089039,false
"-9.999946729271346e-9, -9.999905262474715e-9, -9.999903603835259e-9, -9.999925041648796e-9, -9.999765451703766e-9",-100.0,true
