x_solution,quantile_value,is_feasible
"-9.971279129675037e-9, -9.969179928808065e-9, -9.97454279471748e-9, -9.975201676946875e-9, -9.968136922697756e-9",-100.0,true
