x_solution,quantile_value,is_feasible
"-9.973820876268094e-9, -9.967294621279721e-9, 10.000000099963332, -9.963743015203596e-9, -9.968248018267033e-9",517.9476636341692,false
"-9.998146691508981e-9, -9.999393379063531e-9, -9.99110475857222e-9, -9.995455731491157e-9, -9.996565898663522e-9",-100.0,true
