x_solution,quantile_value,is_feasible
"10.00000009998321, 10.000000099936756, -9.986474198524425e-9, -9.985876861202559e-9, -9.986826981913679e-9",876.9485825056831,false
"-9.992806621718532e-9, -9.999294827507513e-9, 10.000000099997088, -9.99918032628443e-9, -9.998411341185647e-9",639.5582174973468,false
"10.000000099999532, -9.999604087805053e-9, -9.998950504233108e-9, -9.998150144182646e-9, -9.999241212174988e-9",768.3001348879513,false
"-9.997352563930308e-9, -9.986946135695546e-9, 10.000000099990393, -9.99870937505174e-9, -9.996977056979993e-9",639.5582174963565,false
"-9.9987514799732e-9, -9.99947090391438e-9, -9.99202971562293e-9, -9.99735902817574e-9, -9.990915146841239e-9",-100.0,true
