x_solution,quantile_value,is_feasible
"-9.996681618624519e-9, 10.000000099999905, -9.99985763200017e-9, -9.999702354112603e-9, -9.999572016198995e-9",686.4220102155743,false
"10.000000099999843, -9.999858321109758e-9, -9.999852785267668e-9, -9.999177912155306e-9, -9.999642400879614e-9",872.5884845917036,false
"-9.999822599476358e-9, -9.999798597223278e-9, 10.000000099999108, 10.00000009993509, -9.99832669521419e-9",699.540285277974,false
"-9.999472387271503e-9, -9.999237303470827e-9, -9.999426619371739e-9, 10.000000099999205, 10.000000099999184",602.8603561157382,false
"-9.986675424389866e-9, -9.9996618831247e-9, -9.999564723096481e-9, -9.998294564433172e-9, -9.999413431356983e-9",-100.0,true
