x_solution,quantile_value,is_feasible
"-9.999319989939523e-9, 10.00000009999963, -9.999380387298754e-9, -9.998773489209338e-9, -9.99662443980489e-9",686.422010215531,false
"10.000000099999472, -9.999582905420086e-9, -9.997676739904376e-9, 10.000000099994958, -9.99895709641288e-9",949.7816702047139,false
"-9.998320276470306e-9, -9.998594628703191e-9, 10.00000009999871, -9.994303132842237e-9, -9.99336818040197e-9",517.9476636385416,false
"-9.999642565026252e-9, 10.000000099974502, 10.000000099999637, 10.000000099997482, 10.000000099999408",994.0527872386385,false
"-9.999056187154895e-9, 10.000000099999005, 10.00000009999903, 10.000000099997578, 10.000000099998921",994.0527872413525,false
"10.00000009999912, -9.999755759490224e-9, -9.99959658431599e-9, -9.99946007235472e-9, -9.999313784198572e-9",872.5884845915631,false
"-9.999694530807742e-9, -9.999069226628657e-9, -9.999580371399645e-9, -9.999514347637205e-9, -9.999212915054084e-9",-100.0,true
