x_solution,quantile_value,is_feasible
"10.00000009999931, 10.000000099999069, -9.999681045703652e-9, -9.999120063717815e-9, -9.999533238952453e-9",906.6060574999512,false
"-9.998774691423975e-9, 10.00000009999686, -9.999678111782657e-9, -9.999344923572555e-9, -9.999601035893256e-9",699.1807183737301,false
"10.000000099998518, -9.999087622059657e-9, -9.999776902190171e-9, -9.999609873424452e-9, -9.999763963148253e-9",705.1428760171235,false
"-9.996884170835975e-9, 10.00000009999014, 10.000000099998552, 10.000000099979307, 10.000000099997896",1354.881994120069,false
"10.000000099996216, -9.948527376167754e-9, -9.999015995578585e-9, -9.97502394325644e-9, -9.998270659126283e-9",705.1428760167529,false
"10.000000099983367, -9.998123112609841e-9, -9.986688933960827e-9, -9.998248027639804e-9, -9.998218887239953e-9",705.1428760146839,false
"-9.999138240199807e-9, 10.000000099998386, 10.000000099996642, -9.998528003406805e-9, -9.95584328760049e-9",949.8157814939652,false
"-9.982352754526513e-9, -9.9916308003207e-9, -9.999177763347952e-9, -9.999008165094949e-9, -9.999259148748525e-9",-100.0,true
