x_solution,quantile_value,is_feasible
"10.00000009999166, 10.00000009999122, -9.99223702976671e-9, 10.000000099987645, -9.990320327865882e-9",1146.8590848220151,false
"-9.999593521358736e-9, 10.000000099999612, -9.999288125284014e-9, -9.999556415924713e-9, -9.998422205959608e-9",758.2937866594021,false
"-9.997227421717974e-9, -9.999100717499924e-9, -9.998584855399646e-9, -9.99922289691115e-9, -9.999456735473224e-9",-100.0,true
