x_solution,quantile_value,is_feasible
"-9.996681896593415e-9, 10.000000099999905, -9.999857629976884e-9, -9.999702349170643e-9, -9.999572008392372e-9",686.4220102155743,false
"10.000000099999864, -9.999816667440508e-9, -9.9998363870259e-9, 10.000000099992448, -9.999687547915704e-9",949.7816702047514,false
"-9.999325039192365e-9, -9.999042229263047e-9, -9.999599374118023e-9, -9.999706022279925e-9, -9.999637357517228e-9",-100.0,true
