x_solution,quantile_value,is_feasible
"10.00000009999931, 10.000000099999069, -9.999681045703568e-9, -9.999120063717674e-9, -9.999533238952357e-9",906.6060574999512,false
"-9.998774691424071e-9, 10.00000009999686, -9.999678111782678e-9, -9.999344923572596e-9, -9.999601035893281e-9",699.1807183737301,false
"10.000000099998518, -9.999087622059653e-9, -9.99977690219017e-9, -9.99960987342445e-9, -9.999763963148253e-9",705.1428760171235,false
"-9.996884170825331e-9, 10.00000009999014, 10.000000099998552, 10.000000099979307, 10.000000099997896",1354.881994120069,false
"10.000000099996216, -9.94852737614366e-9, -9.999015995578578e-9, -9.975023943252291e-9, -9.998270659126266e-9",705.1428760167529,false
"10.000000099983367, -9.998123112609838e-9, -9.986688933960556e-9, -9.998248027639801e-9, -9.998218887239951e-9",705.1428760146839,false
"-9.9991382401998e-9, 10.000000099998386, 10.000000099996642, -9.998528003406792e-9, -9.955843287588059e-9",949.8157814939652,false
"-9.982352754529507e-9, -9.991630800321164e-9, -9.999177763347956e-9, -9.999008165094952e-9, -9.999259148748527e-9",-100.0,true
