x_solution,quantile_value,is_feasible
"-9.999319989937831e-9, 10.00000009999963, -9.999380387297225e-9, -9.998773489205043e-9, -9.996624439775168e-9",686.422010215531,false
"-9.996360334388813e-9, -9.998596548741298e-9, -9.998370205172632e-9, -9.99925187764656e-9, -9.999365524320895e-9",-100.0,true
