x_solution,quantile_value,is_feasible
"10.000000099999486, 10.00000009999931, -9.99947917403882e-9, -9.999089814858713e-9, -9.999389236610988e-9",876.9485825089039,false
"-9.999946729271366e-9, -9.999905262474741e-9, -9.999903603835285e-9, -9.99992504164882e-9, -9.999765451703817e-9",-100.0,true
