x_solution,quantile_value,is_feasible
"-9.99931998993889e-9, 10.00000009999963, -9.999380387298181e-9, -9.998773489207728e-9, -9.996624439793753e-9",686.422010215531,false
"10.000000099999145, -9.998150030124046e-9, -9.999493947387876e-9, 10.000000099993958, -9.997584290302432e-9",949.7816702046348,false
"-9.999325765064583e-9, 10.000000099998601, -9.99933750618005e-9, -9.999445662960266e-9, -9.998960432017134e-9",686.4220102153693,false
"-9.996975993249001e-9, -9.994914106493062e-9, -9.999301348271262e-9, -9.998896256670062e-9, -9.998405404417573e-9",-100.0,true
