x_solution,quantile_value,is_feasible
"0.03889233723762138, -1.9999852101353168, -1.9999908215446107, -1.9999944561469103, -1.9999959139605539, -1.9999965660984944, -1.9999970412657975, -1.9999973958049726, -1.9999976404596698, -1.9999978579208646, -1.9999980213696387, -1.9999981501149455, -1.9999982553424993, -1.9999983497460758, -1.9999984307120655, -1.999998518705604, -1.9999986211576897, -1.999998745490658, -1.9999989275379473, -1.999999123356801, -1.9999992291228117, -1.9999993615081633, -2.000000019685832, -1.9999999268813193, -1.9999999116365308, 1.0001769815194064, 1.999900058882093, 1.9999720039958824, 1.9999860628041735, 1.9999896396380106, 1.999996249097128, 1.9999971614795944, 1.9999977403304987, 1.9999981375725373, 1.9999984804026307, 1.9999987082744874, 1.999998885517274, 1.999999026655146, 1.9999991412802738, 1.9999992359039633, 1.9999993151065154, 1.9999993821961364, 1.9999994396171528, 1.9999994892116004, 1.999999532391859, 1.9999995702575712, 1.9999996036766088, 1.9999996333423264, 1.9999996598147625, 1.9999996835507896",-252.90888536953588,true
