x_solution,quantile_value,is_feasible
"10.00000009999166, 10.00000009999122, -9.992237009254325e-9, 10.000000099987645, -9.99032030286843e-9",1146.8590848220151,false
"-9.999593521358673e-9, 10.000000099999612, -9.99928812528381e-9, -9.999556415924634e-9, -9.998422205958728e-9",758.2937866594021,false
"-9.997227421717976e-9, -9.999100717499922e-9, -9.998584855399646e-9, -9.999222896911148e-9, -9.999456735473224e-9",-100.0,true
