x_solution,quantile_value,is_feasible
"10.000000099999864, 10.000000099999866, -9.999869450065618e-9, -9.999053663378234e-9, -9.99979803302765e-9",906.6060575000819,false
"-9.999749089670982e-9, -9.999783188004752e-9, -9.999255379773678e-9, -9.997991600191498e-9, -9.999606439701684e-9",-100.0,true
