x_solution,quantile_value,is_feasible
"-9.97127950327157e-9, -9.969180336852423e-9, -9.974543113970657e-9, -9.975201983535797e-9, -9.968137347849585e-9",-100.0,true
