x_solution,quantile_value,is_feasible
"-9.996681963678557e-9, 10.000000099999905, -9.999857629604661e-9, -9.99970234827123e-9, -9.999572006990708e-9",686.4220102155743,false
"10.000000099999843, -9.999858321109909e-9, -9.999852785267822e-9, -9.999177912156204e-9, -9.999642400879939e-9",872.5884845917036,false
"-9.999822599476358e-9, -9.999798597223278e-9, 10.000000099999108, 10.00000009993509, -9.99832669521419e-9",699.540285277974,false
"-9.999472387270593e-9, -9.999237303469556e-9, -9.999426619370725e-9, 10.000000099999205, 10.000000099999184",602.8603561157382,false
"-9.986675424378203e-9, -9.999661883124665e-9, -9.999564723096443e-9, -9.99829456443304e-9, -9.999413431356935e-9",-100.0,true
