x_solution,quantile_value,is_feasible
"-9.99668181532558e-9, 10.000000099999905, -9.999857631634137e-9, -9.999702353307945e-9, -9.999572015103583e-9",686.4220102155743,false
"10.00000009999981, -9.999854874195777e-9, -9.999842483330065e-9, -9.999212680443497e-9, -9.99945246151518e-9",872.5884845916971,false
"-9.999807122224022e-9, -9.99981402897808e-9, -9.999286668178393e-9, -9.996746816059128e-9, -9.996603296620302e-9",-100.0,true
