x_solution,quantile_value,is_feasible
"10.00000009999931, 10.000000099999069, -9.999681045703763e-9, -9.999120063718003e-9, -9.999533238952582e-9",906.6060574999512,false
"-9.99983110994175e-9, -9.99980573869895e-9, -9.999417339690903e-9, -9.999217558893629e-9, -9.999559940107404e-9",-100.0,true
