x_solution,quantile_value,is_feasible
"-9.996681963678557e-9, 10.000000099999905, -9.999857629604661e-9, -9.99970234827123e-9, -9.999572006990708e-9",686.4220102155743,false
"10.00000009999981, -9.999854874195775e-9, -9.999842483330064e-9, -9.99921268044349e-9, -9.999452461515175e-9",872.5884845916971,false
"-9.999807122223977e-9, -9.999814028978037e-9, -9.9992866681783e-9, -9.996746816058504e-9, -9.996603296619623e-9",-100.0,true
