x_solution,quantile_value,is_feasible
"10.00000009999931, 10.000000099999069, -9.99968104570368e-9, -9.999120063717862e-9, -9.999533238952486e-9",906.6060574999512,false
"-9.999862323057088e-9, 10.000000099999111, -9.998755292043843e-9, -9.999796434998106e-9, -9.999561276419168e-9",699.1807183740898,false
"-9.999298437314693e-9, 10.000000099998156, 10.0000000999986, -9.99910177380403e-9, -9.990922914970872e-9",949.8157814941367,false
"-9.998600639975054e-9, -9.998427166855846e-9, -9.999797696408569e-9, -9.998876082485264e-9, -9.999657707460114e-9",-100.0,true
