x_solution,quantile_value,is_feasible
"10.00000009999166, 10.00000009999122, -9.992237063953648e-9, 10.000000099987647, -9.990320369527991e-9",1146.8590848220153,false
"-9.99959352135884e-9, 10.000000099999612, -9.999288125284359e-9, -9.999556415924844e-9, -9.998422205961077e-9",758.2937866594021,false
"-9.997227421717971e-9, -9.999100717499925e-9, -9.998584855399648e-9, -9.999222896911151e-9, -9.999456735473228e-9",-100.0,true
