x_solution,quantile_value,is_feasible
"0.013749808889085408, -1.9999997659720465, -1.9999998884265489, -1.9999999284831529, -1.9999999481558477, -1.9999999596908353, -1.999999967130474, -1.999999972166487, -1.9999999757005154, -1.9999999781481614, -1.9999999798342534, -1.999999980881106, -1.999999981374025, -1.9999999813713194, -1.9999999808755509, -1.999999979824536, -1.9999999781475943, -1.999999975678931, -1.9999999721496797, -1.9999999670992148, -1.999999959689568, -1.999999948213835, -1.9999999286949945, -1.9999998891538957, -1.9999997601180732, 0.9999994880388192, 1.99999980273691, 1.9999999116286225, 1.9999999494503884, 1.9999999686245746, 1.9999999802259127, 1.9999999878708932, 1.99999999329432, 1.9999999973344484, 2.0000000004367076, 2.0000000028947125, 2.000000004879183, 2.0000000065106542, 2.0000000078731524, 2.000000009025848, 2.000000010011578, 2.0000000108651212, 2.0000000116060654, 2.0000000122550263, 2.000000012829819, 2.0000000133394176, 2.000000013794251, 2.0000000142022847, 2.00000001456932, 2.000000014901621",1.0,false
