x_solution,quantile_value,is_feasible
"1.3333211797808615, 0.964765321383987, 0.9723915300405231, 0.21626914264222616, 1.5410922992282567",-81.55884438875196,true
