x_solution,quantile_value,is_feasible
"-9.996681962960326e-9, 10.000000099999905, -9.999857629520289e-9, -9.999702348057572e-9, -9.999572006638276e-9",686.4220102155743,false
"10.000000099999843, -9.999858321109879e-9, -9.999852785267792e-9, -9.999177912156024e-9, -9.999642400879872e-9",872.5884845917036,false
"-9.999822599476358e-9, -9.999798597223278e-9, 10.000000099999108, 10.00000009993509, -9.99832669521419e-9",699.540285277974,false
"-9.999472387270776e-9, -9.999237303469811e-9, -9.999426619370928e-9, 10.000000099999205, 10.000000099999184",602.8603561157382,false
"-9.986675424380541e-9, -9.999661883124672e-9, -9.999564723096451e-9, -9.998294564433066e-9, -9.999413431356945e-9",-100.0,true
