x_solution,quantile_value,is_feasible
"10.000000099999864, 10.000000099999866, -9.999869450065641e-9, -9.999053663377243e-9, -9.999798033027671e-9",906.6060575000819,false
"-9.99974908967098e-9, -9.99978318800475e-9, -9.999255379773677e-9, -9.997991600191486e-9, -9.999606439701682e-9",-100.0,true
