x_solution,quantile_value,is_feasible
"10.00000009999166, 10.00000009999122, -9.992237036604146e-9, 10.000000099987645, -9.990320336198383e-9",1146.8590848220151,false
"-9.999673763803386e-9, -9.999466407474137e-9, 10.000000099999113, -9.999538647686954e-9, -9.999261198782032e-9",639.5582174976464,false
"10.000000099998914, -9.99929239118475e-9, -9.999326546021812e-9, -9.999047182955435e-9, -9.999488570325026e-9",768.300134887844,false
"-9.999788013065088e-9, 10.00000009999782, -9.99792825718721e-9, -9.999665986631714e-9, -9.999223759972678e-9",758.2937866590945,false
"10.000000099998845, -9.999387090124607e-9, -9.976249154480603e-9, 10.000000099997823, -9.997452346039302e-9",949.7816702046362,false
"-9.999562149964696e-9, 10.000000099992063, 10.000000099999328, 10.000000099997939, 10.000000099999337",1305.9801165476642,false
"-9.995663919150576e-9, -9.999751781348017e-9, -9.99970428360316e-9, -9.999780347607816e-9, -9.999775176633433e-9",-100.0,true
