x_solution,quantile_value,is_feasible
"-9.99931998993889e-9, 10.00000009999963, -9.999380387298181e-9, -9.998773489207728e-9, -9.996624439793753e-9",686.422010215531,false
"10.000000099999472, -9.99958290541988e-9, -9.997676739903918e-9, 10.000000099994958, -9.998957096412614e-9",949.7816702047139,false
"-9.9983202764703e-9, -9.998594628703188e-9, 10.00000009999871, -9.99430313284219e-9, -9.993368180401905e-9",517.9476636385416,false
"-9.999642565025984e-9, 10.000000099974502, 10.000000099999637, 10.000000099997482, 10.000000099999408",994.0527872386385,false
"-9.99905618716535e-9, 10.000000099999005, 10.00000009999903, 10.000000099997578, 10.000000099998921",994.0527872413525,false
"10.00000009999912, -9.999755759490276e-9, -9.99959658431606e-9, -9.99946007235481e-9, -9.999313784198683e-9",872.5884845915631,false
"-9.999694530807748e-9, -9.99906922662867e-9, -9.999580371399653e-9, -9.999514347637215e-9, -9.999212915054096e-9",-100.0,true
