x_solution,quantile_value,is_feasible
"-9.999319989938256e-9, 10.00000009999963, -9.999380387297609e-9, -9.998773489206118e-9, -9.996624439782606e-9",686.422010215531,false
"-9.996360334388808e-9, -9.998596548741293e-9, -9.998370205172629e-9, -9.999251877646557e-9, -9.999365524320892e-9",-100.0,true
