x_solution,quantile_value,is_feasible
"10.000000099999864, 10.000000099999866, -9.999869450065666e-9, -9.999053663376249e-9, -9.999798033027691e-9",906.6060575000819,false
"-9.999691718347686e-9, -9.99970573853253e-9, -9.999018331341006e-9, -9.999438880277594e-9, -9.99960738551834e-9",-100.0,true
