x_solution,quantile_value,is_feasible
"10.000000099999864, 10.000000099999866, -9.999869450065505e-9, -9.999053663383147e-9, -9.999798033027547e-9",906.6060575000819,false
"-9.999691718347693e-9, -9.999705738532537e-9, -9.999018331341021e-9, -9.999438880277602e-9, -9.999607385518348e-9",-100.0,true
