x_solution,quantile_value,is_feasible
"10.00000009999931, 10.000000099999069, -9.999681045703513e-9, -9.99912006371758e-9, -9.999533238952293e-9",906.6060574999512,false
"-9.999862323057237e-9, 10.000000099999111, -9.998755292044662e-9, -9.999796434998283e-9, -9.999561276419452e-9",699.1807183740898,false
"-9.999298437315115e-9, 10.000000099998156, 10.0000000999986, -9.999101773804732e-9, -9.99092291503531e-9",949.8157814941367,false
"-9.998600639975046e-9, -9.998427166855836e-9, -9.99979769640857e-9, -9.998876082485259e-9, -9.999657707460114e-9",-100.0,true
