x_solution,quantile_value,is_feasible
"-9.9993199899391e-9, 10.00000009999963, -9.999380387298372e-9, -9.998773489208266e-9, -9.996624439797465e-9",686.422010215531,false
"10.000000099999145, -9.998150030122559e-9, -9.999493947387739e-9, 10.000000099993958, -9.997584290299886e-9",949.7816702046348,false
"-9.99932576506458e-9, 10.000000099998601, -9.999337506180046e-9, -9.999445662960262e-9, -9.998960432017127e-9",686.4220102153693,false
"-9.996975993249001e-9, -9.994914106493072e-9, -9.99930134827126e-9, -9.99889625667006e-9, -9.998405404417573e-9",-100.0,true
