x_solution,quantile_value,is_feasible
"-9.999319989938678e-9, 10.00000009999963, -9.999380387297991e-9, -9.998773489207192e-9, -9.996624439790037e-9",686.422010215531,false
"10.000000099999472, -9.999582905419813e-9, -9.997676739903766e-9, 10.000000099994958, -9.998957096412525e-9",949.7816702047139,false
"-9.998320276470299e-9, -9.998594628703186e-9, 10.00000009999871, -9.994303132842175e-9, -9.993368180401883e-9",517.9476636385416,false
"-9.999642565025894e-9, 10.000000099974502, 10.000000099999637, 10.000000099997482, 10.000000099999408",994.0527872386385,false
"-9.999056187168859e-9, 10.000000099999005, 10.00000009999903, 10.000000099997578, 10.000000099998921",994.0527872413525,false
"10.00000009999912, -9.999755759490292e-9, -9.999596584316085e-9, -9.99946007235484e-9, -9.99931378419872e-9",872.5884845915631,false
"-9.999694530807752e-9, -9.999069226628674e-9, -9.999580371399657e-9, -9.999514347637218e-9, -9.999212915054099e-9",-100.0,true
