x_solution,quantile_value,is_feasible
"10.00000009999166, 10.00000009999122, -9.99223700241681e-9, 10.000000099987645, -9.99032029453585e-9",1146.8590848220151,false
"-9.999673763803386e-9, -9.999466407474138e-9, 10.000000099999113, -9.999538647686956e-9, -9.999261198782032e-9",639.5582174976464,false
"10.000000099998914, -9.99929239118475e-9, -9.999326546021814e-9, -9.999047182955436e-9, -9.999488570325027e-9",768.300134887844,false
"-9.999788013065087e-9, 10.00000009999782, -9.997928257187204e-9, -9.999665986631712e-9, -9.999223759972676e-9",758.2937866590945,false
"10.000000099998845, -9.999387090124608e-9, -9.976249154488e-9, 10.000000099997823, -9.997452346039302e-9",949.7816702046362,false
"-9.999562149964827e-9, 10.000000099992063, 10.000000099999328, 10.000000099997939, 10.000000099999337",1305.9801165476642,false
"-9.99566391914928e-9, -9.999751781348006e-9, -9.999704283603145e-9, -9.999780347607804e-9, -9.999775176633423e-9",-100.0,true
