x_solution,quantile_value,is_feasible
"-9.999319989939734e-9, 10.00000009999963, -9.999380387298946e-9, -9.998773489209874e-9, -9.996624439808602e-9",686.422010215531,false
"-9.996360334388793e-9, -9.998596548741278e-9, -9.99837020517261e-9, -9.999251877646542e-9, -9.999365524320877e-9",-100.0,true
