x_solution,quantile_value,is_feasible
"10.000000099999864, 10.000000099999866, -9.999869450065641e-9, -9.999053663377243e-9, -9.999798033027671e-9",906.6060575000819,false
"-9.999691718347686e-9, -9.999705738532532e-9, -9.999018331341008e-9, -9.999438880277594e-9, -9.999607385518341e-9",-100.0,true
