x_solution,quantile_value,is_feasible
"10.000000099998898, -9.996572385373808e-9, -9.99936266541428e-9, -9.999409805192743e-9, -9.99944375008224e-9",705.1428760171848,false
"-9.99800195064759e-9, -9.998787872494866e-9, -9.997933198275427e-9, -9.999340313337468e-9, -9.999215352187541e-9",-100.0,true
