x_solution,quantile_value,is_feasible
"10.000000099999864, 10.000000099999866, -9.999869450065596e-9, -9.999053663379223e-9, -9.999798033027628e-9",906.6060575000819,false
"-9.99969171834769e-9, -9.999705738532534e-9, -9.999018331341013e-9, -9.999438880277597e-9, -9.999607385518343e-9",-100.0,true
