x_solution,quantile_value,is_feasible
"10.000000099999486, 10.00000009999931, -9.999478839078351e-9, -9.999089360646453e-9, -9.999388850735937e-9",876.9485825089039,false
"-9.999862615213578e-9, 10.000000099999353, -9.99987721950022e-9, -9.999835039818637e-9, -9.999853008740615e-9",758.2937866593576,false
"10.000000099999827, -9.999917935504953e-9, -9.99985053898202e-9, -9.999602835451165e-9, -9.999885273104777e-9",768.3001348880026,false
"-9.999892786467199e-9, -9.999872303770457e-9, -9.99868654215068e-9, -9.999816151316303e-9, -9.999556237292766e-9",-100.0,true
