x_solution,quantile_value,is_feasible
"10.000000099999864, 10.000000099999866, -9.999869450065666e-9, -9.999053663376249e-9, -9.999798033027691e-9",906.6060575000819,false
"-9.99974908967098e-9, -9.99978318800475e-9, -9.999255379773673e-9, -9.997991600191474e-9, -9.99960643970168e-9",-100.0,true
