x_solution,quantile_value,is_feasible
"10.000000099999486, 10.00000009999931, -9.999479073607963e-9, -9.999089678669897e-9, -9.999389120912806e-9",876.9485825089039,false
"-9.999862615213897e-9, 10.000000099999353, -9.999877219500517e-9, -9.999835039818993e-9, -9.999853008740948e-9",758.2937866593576,false
"10.000000099999827, -9.999917935504952e-9, -9.999850538982017e-9, -9.99960283545116e-9, -9.999885273104775e-9",768.3001348880026,false
"-9.9998927864672e-9, -9.99987230377046e-9, -9.99868654215073e-9, -9.999816151316306e-9, -9.999556237292779e-9",-100.0,true
