x_solution,quantile_value,is_feasible
"-9.971279269787627e-9, -9.969180081839443e-9, -9.974542914450087e-9, -9.975201791930115e-9, -9.968137082144773e-9",-100.0,true
