x_solution,quantile_value,is_feasible
"-9.971279036257308e-9, -9.969179826777282e-9, -9.974542714887272e-9, -9.975201600283087e-9, -9.968136816389562e-9",-100.0,true
