x_solution,quantile_value,is_feasible
"10.000000099999864, 10.000000099999866, -9.999869450065527e-9, -9.99905366338217e-9, -9.999798033027567e-9",906.6060575000819,false
"-9.999691718347691e-9, -9.999705738532535e-9, -9.99901833134102e-9, -9.9994388802776e-9, -9.999607385518346e-9",-100.0,true
