x_solution,quantile_value,is_feasible
"0.01256064594042087, 0.01256064594042087, 0.01256064594042087, 0.01256064594042087, 0.01256064594042087, 0.01256064594042087, 0.01256064594042087, 0.01256064594042087, 0.01256064594042087, 0.01256064594042087",1.0,true
