x_solution,quantile_value,is_feasible
"10.000000099998928, -9.998604010082816e-9, -9.999744117131089e-9, -9.99910209717769e-9, -9.999629583201708e-9",705.1428760171897,false
"-9.99962279896193e-9, 10.000000099999522, 10.000000099997141, -9.999287245361195e-9, 10.000000099997756",1167.1454354909495,false
"-9.992343521327697e-9, -9.998289310312935e-9, -9.992639508828151e-9, -9.99884477085038e-9, -9.997810615036157e-9",-100.0,true
