x_solution,quantile_value,is_feasible
"10.000000099999486, 10.00000009999931, -9.999478939623789e-9, -9.999089496985022e-9, -9.999388966562816e-9",876.9485825089039,false
"-9.999952811233387e-9, -9.999874133480901e-9, -9.999888813985536e-9, -9.999907475226421e-9, -9.99971461225752e-9",-100.0,true
