x_solution,quantile_value,is_feasible
"10.00000009999931, 10.000000099999069, -9.99968104570368e-9, -9.999120063717862e-9, -9.999533238952486e-9",906.6060574999512,false
"-9.998774691423942e-9, 10.00000009999686, -9.999678111782649e-9, -9.999344923572541e-9, -9.999601035893248e-9",699.1807183737301,false
"10.000000099998518, -9.999087622059657e-9, -9.999776902190171e-9, -9.999609873424452e-9, -9.999763963148254e-9",705.1428760171235,false
"-9.996884170839527e-9, 10.00000009999014, 10.000000099998552, 10.000000099979307, 10.000000099997896",1354.881994120069,false
"10.000000099996216, -9.948527376175786e-9, -9.999015995578586e-9, -9.975023943257823e-9, -9.99827065912629e-9",705.1428760167529,false
"10.000000099983367, -9.998123112609843e-9, -9.986688933960916e-9, -9.998248027639806e-9, -9.998218887239955e-9",705.1428760146839,false
"-9.999138240199808e-9, 10.000000099998386, 10.000000099996642, -9.99852800340681e-9, -9.955843287604634e-9",949.8157814939652,false
"-9.982352754525514e-9, -9.991630800320545e-9, -9.999177763347952e-9, -9.999008165094947e-9, -9.999259148748525e-9",-100.0,true
