x_solution,quantile_value,is_feasible
"10.00000009999931, 10.000000099999069, -9.999681045703763e-9, -9.999120063718003e-9, -9.999533238952582e-9",906.6060574999512,false
"-9.998774691423846e-9, 10.00000009999686, -9.999678111782627e-9, -9.999344923572498e-9, -9.999601035893222e-9",699.1807183737301,false
"10.000000099998518, -9.999087622059584e-9, -9.999776902190019e-9, -9.999609873424356e-9, -9.999763963148152e-9",705.1428760171235,false
"-9.996884170474595e-9, 10.00000009999014, 10.000000099998552, 10.000000099979307, 10.000000099997896",1354.881994120069,false
"10.000000099996216, -9.94852737619988e-9, -9.999015995578593e-9, -9.975023943261974e-9, -9.998270659126306e-9",705.1428760167529,false
"10.000000099983367, -9.998123112609846e-9, -9.986688933961188e-9, -9.998248027639808e-9, -9.998218887239958e-9",705.1428760146839,false
"-9.999138240199813e-9, 10.000000099998386, 10.000000099996642, -9.998528003406825e-9, -9.955843287617064e-9",949.8157814939652,false
"-9.982352754522518e-9, -9.991630800320082e-9, -9.99917776334795e-9, -9.999008165094944e-9, -9.999259148748524e-9",-100.0,true
