x_solution,quantile_value,is_feasible
"10.000000099983207, 10.000000099936752, -9.986473511421754e-9, -9.985876150580615e-9, -9.986826305456809e-9",876.9485825056828,false
"-9.992806621716937e-9, -9.999294827507505e-9, 10.000000099997088, -9.999180326284419e-9, -9.998411341185609e-9",639.5582174973468,false
"10.000000099999532, -9.999604087806008e-9, -9.998950504232526e-9, -9.998150144179747e-9, -9.999241212175167e-9",768.3001348879513,false
"-9.997352563930591e-9, -9.986946135717328e-9, 10.000000099990393, -9.998709375051795e-9, -9.996977056980386e-9",639.5582174963565,false
"-9.998751479973204e-9, -9.99947090391438e-9, -9.992029715624839e-9, -9.997359028175792e-9, -9.990915146844129e-9",-100.0,true
