x_solution,quantile_value,is_feasible
"-9.999319989938466e-9, 10.00000009999963, -9.9993803872978e-9, -9.998773489206654e-9, -9.996624439786323e-9",686.422010215531,false
"-9.996360334388806e-9, -9.998596548741291e-9, -9.998370205172625e-9, -9.999251877646556e-9, -9.999365524320888e-9",-100.0,true
