x_solution,quantile_value,is_feasible
"0.013825505164077496, -1.999999765975502, -1.999999888427505, -1.9999999284835772, -1.9999999481559905, -1.9999999596909788, -1.9999999671305997, -1.9999999721665842, -1.999999975700599, -1.9999999781482065, -1.9999999798342964, -1.9999999808811577, -1.9999999813740532, -1.9999999813713274, -1.99999998087559, -1.9999999798245367, -1.9999999781476054, -1.9999999756789226, -1.999999972149613, -1.9999999670990443, -1.999999959689227, -1.9999999482132502, -1.9999999286935763, -1.999999889150128, -1.9999997601001656, 0.999999488013632, 1.9999998027465355, 1.999999911624693, 1.999999949449266, 1.999999968624029, 1.9999999802257045, 1.9999999878707322, 1.9999999932942103, 1.9999999973343792, 2.000000000436654, 2.00000000289468, 2.000000004879162, 2.0000000065106334, 2.0000000078731346, 2.000000009025833, 2.000000010011563, 2.0000000108651124, 2.000000011606057, 2.0000000122550166, 2.0000000128298114, 2.0000000133394114, 2.000000013794246, 2.0000000142022802, 2.0000000145693155, 2.0000000149016164",-259.6348429799633,true
