x_solution,quantile_value,is_feasible
"10.00000009999931, 10.000000099999069, -9.999681045703596e-9, -9.99912006371772e-9, -9.999533238952389e-9",906.6060574999512,false
"-9.999831109941752e-9, -9.999805738698951e-9, -9.999417339690903e-9, -9.999217558893629e-9, -9.999559940107404e-9",-100.0,true
