x_solution,quantile_value,is_feasible
"-0.11100423146934447, -1.9999287414118556, -1.9999664959078187, -1.9999775606410213, -1.9999827496792328, -1.999985731160825, -1.9999876369971399, -1.9999889369054245, -1.9999898487982068, -1.9999905075393412, -1.999990979604309, -1.9999913035999388, -1.9999915176865792, -1.9999916238511712, -1.9999916409592229, -1.9999915700550717, -1.999991411053303, -1.9999911492867948, -1.999990784423806, -1.999990293096554, -1.9999897152770982, -1.9999891006541566, -1.9999886812407792, -1.9999888281234417, -1.9999416826901255, 1.0002312414575636, 1.9998365011170995, 1.9999466248706756, 1.9999709501181488, 1.9999809977043912, 1.9999862809725284, 1.9999894669130558, 1.9999915701165207, 1.9999930505787125, 1.999994141905944, 1.9999949741317564, 1.9999956281531914, 1.999996152764968, 1.9999965825547457, 1.9999969395092534, 1.9999972399893593, 1.9999974957214997, 1.9999977159725548, 1.9999979069565934, 1.9999980739691658, 1.9999982207759326, 1.999998351009284, 1.9999984668081712, 1.9999985705427652, 1.9999986637190925",-252.69565030056526,true
