x_solution,quantile_value,is_feasible
"10.000000099998898, -9.996572385373818e-9, -9.999362665414282e-9, -9.999409805192743e-9, -9.99944375008224e-9",705.1428760171848,false
"-9.998418226220642e-9, -9.999194612750056e-9, -9.998731367446583e-9, -9.99952739031386e-9, -9.999434359586945e-9",-100.0,true
