x_solution,quantile_value,is_feasible
"10.00000009999166, 10.00000009999122, -9.992237050278963e-9, 10.000000099987647, -9.990320352863227e-9",1146.8590848220153,false
"-9.999593521358799e-9, 10.000000099999612, -9.999288125284221e-9, -9.999556415924791e-9, -9.99842220596049e-9",758.2937866594021,false
"-9.997227421717971e-9, -9.999100717499925e-9, -9.998584855399648e-9, -9.999222896911151e-9, -9.999456735473226e-9",-100.0,true
