x_solution,quantile_value,is_feasible
"10.00000009999166, 10.00000009999122, -9.99223700241681e-9, 10.000000099987645, -9.99032029453585e-9",1146.8590848220151,false
"-9.999593521358652e-9, 10.000000099999612, -9.999288125283741e-9, -9.999556415924608e-9, -9.998422205958434e-9",758.2937866594021,false
"-9.997227421717976e-9, -9.999100717499922e-9, -9.998584855399645e-9, -9.999222896911148e-9, -9.999456735473223e-9",-100.0,true
