x_solution,quantile_value,is_feasible
"10.000000099999486, 10.00000009999931, -9.999479006626788e-9, -9.999089587841707e-9, -9.999389043750056e-9",876.9485825089039,false
"-9.999952811233392e-9, -9.999874133480911e-9, -9.999888813985546e-9, -9.99990747522643e-9, -9.999714612257543e-9",-100.0,true
