x_solution,quantile_value,is_feasible
"-9.999319989939523e-9, 10.00000009999963, -9.999380387298754e-9, -9.998773489209338e-9, -9.99662443980489e-9",686.422010215531,false
"-9.996360334388796e-9, -9.99859654874128e-9, -9.998370205172614e-9, -9.999251877646544e-9, -9.99936552432088e-9",-100.0,true
