x_solution,quantile_value,is_feasible
"-9.996681896593415e-9, 10.000000099999905, -9.999857629976884e-9, -9.999702349170643e-9, -9.999572008392372e-9",686.4220102155743,false
"10.000000099999843, -9.999858321109849e-9, -9.99985278526776e-9, -9.999177912155845e-9, -9.999642400879808e-9",872.5884845917036,false
"-9.999822599476358e-9, -9.999798597223278e-9, 10.000000099999108, 10.00000009993509, -9.99832669521419e-9",699.540285277974,false
"-9.999472387270958e-9, -9.999237303470066e-9, -9.99942661937113e-9, 10.000000099999205, 10.000000099999184",602.8603561157382,false
"-9.986675424382872e-9, -9.999661883124678e-9, -9.999564723096458e-9, -9.998294564433092e-9, -9.999413431356953e-9",-100.0,true
