x_solution,quantile_value,is_feasible
"-9.99668184936254e-9, 10.000000099999905, -9.999857630822653e-9, -9.99970235127859e-9, -9.999572011804482e-9",686.4220102155743,false
"10.000000099999864, -9.999816667442422e-9, -9.99983638702759e-9, 10.000000099992448, -9.999687547919143e-9",949.7816702047514,false
"-9.999325039192367e-9, -9.999042229263049e-9, -9.999599374118025e-9, -9.999706022279927e-9, -9.99963735751723e-9",-100.0,true
