x_solution,quantile_value,is_feasible
"-9.99668144759017e-9, 10.000000099999905, -9.999857633232068e-9, -9.999702357120312e-9, -9.999572020947094e-9",686.4220102155743,false
"10.000000099999843, -9.999858321109697e-9, -9.999852785267605e-9, -9.999177912154945e-9, -9.999642400879485e-9",872.5884845917036,false
"-9.999822599476358e-9, -9.999798597223278e-9, 10.000000099999108, 10.00000009993509, -9.99832669521419e-9",699.540285277974,false
"-9.999472387271867e-9, -9.999237303471335e-9, -9.999426619372143e-9, 10.000000099999205, 10.000000099999184",602.8603561157382,false
"-9.986675424394533e-9, -9.999661883124713e-9, -9.999564723096498e-9, -9.998294564433225e-9, -9.999413431357001e-9",-100.0,true
