x_solution,quantile_value,is_feasible
"-9.95736212736256e-9, -9.920047339504817e-9, -9.957010790828909e-9, 10.000000099867874, -9.88703987546164e-9",-4.977305633390227,true
