x_solution,quantile_value,is_feasible
"10.000000099999864, 10.000000099999866, -9.999869450065482e-9, -9.999053663384122e-9, -9.999798033027526e-9",906.6060575000819,false
"-9.999691718347693e-9, -9.999705738532539e-9, -9.999018331341023e-9, -9.999438880277604e-9, -9.999607385518348e-9",-100.0,true
