x_solution,quantile_value,is_feasible
"10.000000099983207, 10.000000099936754, -9.986473587767772e-9, -9.985876229539888e-9, -9.986826380619919e-9",876.9485825056828,false
"-9.992806621717114e-9, -9.999294827507505e-9, 10.000000099997088, -9.99918032628442e-9, -9.998411341185614e-9",639.5582174973468,false
"10.000000099999532, -9.999604087805902e-9, -9.998950504232592e-9, -9.99815014418007e-9, -9.999241212175146e-9",768.3001348879513,false
"-9.99735256393056e-9, -9.986946135714907e-9, 10.000000099990393, -9.998709375051788e-9, -9.996977056980341e-9",639.5582174963565,false
"-9.998751479973204e-9, -9.99947090391438e-9, -9.992029715624627e-9, -9.997359028175785e-9, -9.990915146843807e-9",-100.0,true
