x_solution,quantile_value,is_feasible
"10.000000099999486, 10.00000009999931, -9.999479107090362e-9, -9.999089724073271e-9, -9.999389159484959e-9",876.9485825089039,false
"-9.9999528112334e-9, -9.999874133480926e-9, -9.999888813985559e-9, -9.99990747522644e-9, -9.999714612257576e-9",-100.0,true
