x_solution,quantile_value,is_feasible
"10.000000099999486, 10.00000009999931, -9.999479006626788e-9, -9.999089587841707e-9, -9.999389043750056e-9",876.9485825089039,false
"-9.999946729271349e-9, -9.999905262474718e-9, -9.999903603835264e-9, -9.9999250416488e-9, -9.999765451703774e-9",-100.0,true
