x_solution,quantile_value,is_feasible
"10.00000009999931, 10.000000099999069, -9.999681045703763e-9, -9.999120063718003e-9, -9.999533238952582e-9",906.6060574999512,false
"-9.999862323057014e-9, 10.000000099999111, -9.998755292043433e-9, -9.999796434998017e-9, -9.999561276419026e-9",699.1807183740898,false
"-9.999298437314481e-9, 10.000000099998156, 10.0000000999986, -9.999101773803681e-9, -9.990922914938707e-9",949.8157814941367,false
"-9.998600639975057e-9, -9.99842716685585e-9, -9.999797696408569e-9, -9.998876082485267e-9, -9.999657707460114e-9",-100.0,true
