x_solution,quantile_value,is_feasible
"-9.99931998993762e-9, 10.00000009999963, -9.999380387297033e-9, -9.998773489204505e-9, -9.996624439771449e-9",686.422010215531,false
"10.000000099999472, -9.99958290541947e-9, -9.997676739903e-9, 10.000000099994958, -9.998957096412081e-9",949.7816702047139,false
"-9.99832027647029e-9, -9.998594628703181e-9, 10.00000009999871, -9.994303132842095e-9, -9.993368180401777e-9",517.9476636385416,false
"-9.999642565025453e-9, 10.000000099974502, 10.000000099999637, 10.000000099997482, 10.000000099999408",994.0527872386385,false
"-9.99905618718659e-9, 10.000000099999005, 10.00000009999903, 10.000000099997578, 10.000000099998921",994.0527872413525,false
"10.00000009999912, -9.99975575949038e-9, -9.999596584316205e-9, -9.99946007235499e-9, -9.999313784198905e-9",872.5884845915631,false
"-9.999694530807763e-9, -9.999069226628694e-9, -9.99958037139967e-9, -9.999514347637231e-9, -9.999212915054117e-9",-100.0,true
