x_solution,quantile_value,is_feasible
"10.000000099999486, 10.00000009999931, -9.999478872598952e-9, -9.999089406099803e-9, -9.999388889351038e-9",876.9485825089039,false
"-9.999862615213624e-9, 10.000000099999353, -9.999877219500263e-9, -9.999835039818689e-9, -9.999853008740662e-9",758.2937866593576,false
"10.000000099999827, -9.999917935504953e-9, -9.999850538982018e-9, -9.999602835451164e-9, -9.999885273104777e-9",768.3001348880026,false
"-9.999892786467199e-9, -9.999872303770457e-9, -9.998686542150687e-9, -9.999816151316303e-9, -9.999556237292767e-9",-100.0,true
