x_solution,quantile_value,is_feasible
"-9.99668144759017e-9, 10.000000099999905, -9.999857633232068e-9, -9.999702357120312e-9, -9.999572020947094e-9",686.4220102155743,false
"10.00000009999981, -9.999854874195777e-9, -9.999842483330065e-9, -9.999212680443496e-9, -9.999452461515178e-9",872.5884845916971,false
"-9.999807122224009e-9, -9.999814028978066e-9, -9.999286668178365e-9, -9.996746816058941e-9, -9.996603296620098e-9",-100.0,true
