x_solution,quantile_value,is_feasible
"10.000000099999486, 10.00000009999931, -9.999478872598952e-9, -9.999089406099803e-9, -9.999388889351038e-9",876.9485825089039,false
"-9.999946729271336e-9, -9.999905262474702e-9, -9.999903603835245e-9, -9.999925041648785e-9, -9.99976545170374e-9",-100.0,true
