x_solution,quantile_value,is_feasible
"-9.99668181532558e-9, 10.000000099999905, -9.999857631634137e-9, -9.999702353307945e-9, -9.999572015103583e-9",686.4220102155743,false
"10.000000099999843, -9.999858321109608e-9, -9.999852785267513e-9, -9.999177912154405e-9, -9.999642400879292e-9",872.5884845917036,false
"-9.999822599476358e-9, -9.999798597223278e-9, 10.000000099999108, 10.00000009993509, -9.99832669521419e-9",699.540285277974,false
"-9.999472387272411e-9, -9.999237303472096e-9, -9.99942661937275e-9, 10.000000099999205, 10.000000099999184",602.8603561157382,false
"-9.986675424401543e-9, -9.999661883124733e-9, -9.999564723096521e-9, -9.998294564433304e-9, -9.999413431357031e-9",-100.0,true
