x_solution,quantile_value,is_feasible
"-9.996681790399333e-9, 10.000000099999905, -9.999857630763032e-9, -9.999702351091988e-9, -9.999572011429855e-9",686.4220102155743,false
"10.00000009999981, -9.999854874195775e-9, -9.999842483330064e-9, -9.999212680443492e-9, -9.999452461515177e-9",872.5884845916971,false
"-9.99980712222399e-9, -9.99981402897805e-9, -9.999286668178328e-9, -9.996746816058691e-9, -9.996603296619827e-9",-100.0,true
