x_solution,quantile_value,is_feasible
"-9.999319989939312e-9, 10.00000009999963, -9.999380387298564e-9, -9.998773489208802e-9, -9.99662443980118e-9",686.422010215531,false
"10.000000099999145, -9.998150030121073e-9, -9.999493947387602e-9, 10.000000099993958, -9.99758429029734e-9",949.7816702046348,false
"-9.999325765064575e-9, 10.000000099998601, -9.999337506180043e-9, -9.999445662960257e-9, -9.998960432017122e-9",686.4220102153693,false
"-9.996975993249003e-9, -9.994914106493084e-9, -9.99930134827126e-9, -9.99889625667006e-9, -9.998405404417571e-9",-100.0,true
