x_solution,quantile_value,is_feasible
"10.000000099999864, 10.000000099999866, -9.999869450065437e-9, -9.99905366338606e-9, -9.999798033027484e-9",906.6060575000819,false
"-9.999749089670994e-9, -9.999783188004763e-9, -9.999255379773703e-9, -9.997991600191585e-9, -9.999606439701699e-9",-100.0,true
