x_solution,quantile_value,is_feasible
"10.000000099998928, -9.99860401008283e-9, -9.999744117131095e-9, -9.9991020971777e-9, -9.999629583201717e-9",705.1428760171897,false
"-9.999622798961889e-9, 10.000000099999522, 10.000000099997141, -9.99928724536114e-9, 10.000000099997756",1167.1454354909495,false
"-9.992343521328895e-9, -9.99828931031296e-9, -9.992639508829225e-9, -9.998844770850391e-9, -9.997810615036202e-9",-100.0,true
