x_solution,quantile_value,is_feasible
"10.00000009998321, 10.000000099936756, -9.986474122180816e-9, -9.985876782245694e-9, -9.986826906753031e-9",876.9485825056831,false
"-9.992806621718355e-9, -9.999294827507511e-9, 10.000000099997088, -9.999180326284429e-9, -9.998411341185642e-9",639.5582174973468,false
"10.000000099999532, -9.999604087805159e-9, -9.998950504233044e-9, -9.998150144182325e-9, -9.999241212175008e-9",768.3001348879513,false
"-9.99735256393034e-9, -9.986946135697965e-9, 10.000000099990393, -9.998709375051745e-9, -9.996977056980036e-9",639.5582174963565,false
"-9.9987514799732e-9, -9.99947090391438e-9, -9.99202971562314e-9, -9.997359028175746e-9, -9.990915146841558e-9",-100.0,true
