x_solution,quantile_value,is_feasible
"10.00000009999931, 10.000000099999069, -9.999681045703596e-9, -9.99912006371772e-9, -9.999533238952389e-9",906.6060574999512,false
"-9.999862323057163e-9, 10.000000099999111, -9.998755292044252e-9, -9.999796434998194e-9, -9.99956127641931e-9",699.1807183740898,false
"-9.999298437314905e-9, 10.000000099998156, 10.0000000999986, -9.999101773804381e-9, -9.990922915003075e-9",949.8157814941367,false
"-9.998600639975049e-9, -9.99842716685584e-9, -9.999797696408569e-9, -9.99887608248526e-9, -9.999657707460114e-9",-100.0,true
