x_solution,quantile_value,is_feasible
"10.000000099999486, 10.00000009999931, -9.999478939623789e-9, -9.999089496985022e-9, -9.999388966562816e-9",876.9485825089039,false
"-9.999946729271342e-9, -9.99990526247471e-9, -9.999903603835254e-9, -9.999925041648793e-9, -9.999765451703758e-9",-100.0,true
