x_solution,quantile_value,is_feasible
"10.00000009998321, 10.000000099936754, -9.986473969492805e-9, -9.985876624331224e-9, -9.986826756430782e-9",876.9485825056831,false
"-9.992806621718e-9, -9.99929482750751e-9, 10.000000099997088, -9.999180326284427e-9, -9.998411341185634e-9",639.5582174973468,false
"10.000000099999532, -9.99960408780537e-9, -9.998950504232915e-9, -9.998150144181683e-9, -9.999241212175048e-9",768.3001348879513,false
"-9.997352563930402e-9, -9.986946135702806e-9, 10.000000099990393, -9.998709375051759e-9, -9.996977056980124e-9",639.5582174963565,false
"-9.998751479973202e-9, -9.99947090391438e-9, -9.992029715623565e-9, -9.997359028175757e-9, -9.9909151468422e-9",-100.0,true
