x_solution,quantile_value,is_feasible
"10.00000009999931, 10.000000099999069, -9.999681045703707e-9, -9.999120063717909e-9, -9.999533238952518e-9",906.6060574999512,false
"-9.999862323057063e-9, 10.000000099999111, -9.998755292043706e-9, -9.999796434998076e-9, -9.999561276419122e-9",699.1807183740898,false
"-9.999298437314622e-9, 10.000000099998156, 10.0000000999986, -9.999101773803915e-9, -9.990922914960146e-9",949.8157814941367,false
"-9.998600639975056e-9, -9.998427166855847e-9, -9.999797696408569e-9, -9.998876082485265e-9, -9.999657707460114e-9",-100.0,true
