x_solution,quantile_value,is_feasible
"-9.996681962960326e-9, 10.000000099999905, -9.999857629520289e-9, -9.999702348057572e-9, -9.999572006638276e-9",686.4220102155743,false
"10.00000009999981, -9.999854874195775e-9, -9.999842483330064e-9, -9.99921268044349e-9, -9.999452461515177e-9",872.5884845916971,false
"-9.999807122223982e-9, -9.99981402897804e-9, -9.99928666817831e-9, -9.996746816058566e-9, -9.99660329661969e-9",-100.0,true
