x_solution,quantile_value,is_feasible
"-9.99668184936254e-9, 10.000000099999905, -9.999857630822653e-9, -9.99970235127859e-9, -9.999572011804482e-9",686.4220102155743,false
"10.000000099999843, -9.999858321109637e-9, -9.999852785267542e-9, -9.999177912154585e-9, -9.999642400879356e-9",872.5884845917036,false
"-9.999822599476358e-9, -9.999798597223278e-9, 10.000000099999108, 10.00000009993509, -9.99832669521419e-9",699.540285277974,false
"-9.999472387272229e-9, -9.999237303471843e-9, -9.999426619372548e-9, 10.000000099999205, 10.000000099999184",602.8603561157382,false
"-9.986675424399202e-9, -9.999661883124726e-9, -9.999564723096513e-9, -9.998294564433278e-9, -9.999413431357021e-9",-100.0,true
