x_solution,quantile_value,is_feasible
"-9.999319989938043e-9, 10.00000009999963, -9.999380387297417e-9, -9.99877348920558e-9, -9.996624439778889e-9",686.422010215531,false
"10.000000099999145, -9.998150030129997e-9, -9.999493947388426e-9, 10.000000099993958, -9.997584290312624e-9",949.7816702046348,false
"-9.9993257650646e-9, 10.000000099998601, -9.999337506180067e-9, -9.99944566296028e-9, -9.998960432017154e-9",686.4220102153693,false
"-9.996975993248996e-9, -9.994914106493016e-9, -9.999301348271264e-9, -9.998896256670065e-9, -9.998405404417576e-9",-100.0,true
