x_solution,quantile_value,is_feasible
"-9.9993199899391e-9, 10.00000009999963, -9.999380387298372e-9, -9.998773489208266e-9, -9.996624439797465e-9",686.422010215531,false
"-9.9963603343888e-9, -9.998596548741285e-9, -9.998370205172619e-9, -9.999251877646549e-9, -9.999365524320883e-9",-100.0,true
