x_solution,quantile_value,is_feasible
"10.000000099999864, 10.000000099999866, -9.999869450065459e-9, -9.999053663385091e-9, -9.999798033027504e-9",906.6060575000819,false
"-9.999749089670992e-9, -9.999783188004762e-9, -9.999255379773701e-9, -9.997991600191574e-9, -9.999606439701697e-9",-100.0,true
