x_solution,quantile_value,is_feasible
"10.00000009998321, 10.000000099936756, -9.98647404583697e-9, -9.985876703288486e-9, -9.986826831592092e-9",876.9485825056831,false
"-9.992806621718176e-9, -9.999294827507511e-9, 10.000000099997088, -9.999180326284427e-9, -9.998411341185639e-9",639.5582174973468,false
"10.000000099999532, -9.999604087805265e-9, -9.998950504232979e-9, -9.998150144182004e-9, -9.999241212175028e-9",768.3001348879513,false
"-9.997352563930371e-9, -9.986946135700387e-9, 10.000000099990393, -9.998709375051752e-9, -9.996977056980081e-9",639.5582174963565,false
"-9.998751479973202e-9, -9.99947090391438e-9, -9.992029715623353e-9, -9.99735902817575e-9, -9.99091514684188e-9",-100.0,true
