x_solution,quantile_value,is_feasible
"10.000000099999486, 10.00000009999931, -9.999479040120099e-9, -9.999089633259369e-9, -9.999389082334505e-9",876.9485825089039,false
"-9.999952811233396e-9, -9.999874133480916e-9, -9.999888813985549e-9, -9.999907475226433e-9, -9.999714612257555e-9",-100.0,true
