x_solution,quantile_value,is_feasible
"10.000000099999864, 10.000000099999866, -9.999869450065596e-9, -9.999053663379223e-9, -9.999798033027628e-9",906.6060575000819,false
"-9.999749089670984e-9, -9.999783188004753e-9, -9.999255379773681e-9, -9.997991600191507e-9, -9.999606439701685e-9",-100.0,true
