x_solution,quantile_value,is_feasible
"-9.996681790399333e-9, 10.000000099999905, -9.999857630763032e-9, -9.999702351091988e-9, -9.999572011429855e-9",686.4220102155743,false
"10.000000099999864, -9.999816667440784e-9, -9.999836387026143e-9, 10.000000099992448, -9.999687547916199e-9",949.7816702047514,false
"-9.999325039192365e-9, -9.999042229263047e-9, -9.999599374118023e-9, -9.999706022279925e-9, -9.999637357517228e-9",-100.0,true
