x_solution,quantile_value,is_feasible
"-9.996681514366621e-9, 10.000000099999905, -9.999857632772424e-9, -9.999702355999948e-9, -9.999572019182133e-9",686.4220102155743,false
"10.000000099999843, -9.999858321109728e-9, -9.999852785267637e-9, -9.999177912155126e-9, -9.99964240087955e-9",872.5884845917036,false
"-9.999822599476358e-9, -9.999798597223278e-9, 10.000000099999108, 10.00000009993509, -9.99832669521419e-9",699.540285277974,false
"-9.999472387271685e-9, -9.999237303471082e-9, -9.99942661937194e-9, 10.000000099999205, 10.000000099999184",602.8603561157382,false
"-9.986675424392202e-9, -9.999661883124706e-9, -9.99956472309649e-9, -9.998294564433198e-9, -9.999413431356991e-9",-100.0,true
