x_solution,quantile_value,is_feasible
"10.00000009999931, 10.000000099999069, -9.999681045703568e-9, -9.999120063717674e-9, -9.999533238952357e-9",906.6060574999512,false
"-9.999862323057187e-9, 10.000000099999111, -9.998755292044389e-9, -9.999796434998223e-9, -9.999561276419358e-9",699.1807183740898,false
"-9.999298437314974e-9, 10.000000099998156, 10.0000000999986, -9.999101773804499e-9, -9.990922915013815e-9",949.8157814941367,false
"-9.998600639975049e-9, -9.998427166855839e-9, -9.999797696408569e-9, -9.99887608248526e-9, -9.999657707460114e-9",-100.0,true
