x_solution,quantile_value,is_feasible
"10.000000099999486, 10.00000009999931, -9.999479073607963e-9, -9.999089678669897e-9, -9.999389120912806e-9",876.9485825089039,false
"-9.999946729271356e-9, -9.999905262474728e-9, -9.999903603835272e-9, -9.999925041648808e-9, -9.999765451703791e-9",-100.0,true
