x_solution,quantile_value,is_feasible
"10.000000099999864, 10.000000099999866, -9.999869450065437e-9, -9.99905366338606e-9, -9.999798033027484e-9",906.6060575000819,false
"-9.999691718347696e-9, -9.99970573853254e-9, -9.999018331341028e-9, -9.999438880277607e-9, -9.999607385518351e-9",-100.0,true
