x_solution,quantile_value,is_feasible
"10.000000099999486, 10.00000009999931, -9.999478939623789e-9, -9.999089496985022e-9, -9.999388966562816e-9",876.9485825089039,false
"-9.999862615213715e-9, 10.000000099999353, -9.999877219500347e-9, -9.99983503981879e-9, -9.999853008740758e-9",758.2937866593576,false
"10.000000099999827, -9.999917935504953e-9, -9.999850538982018e-9, -9.999602835451164e-9, -9.999885273104777e-9",768.3001348880026,false
"-9.999892786467199e-9, -9.999872303770459e-9, -9.9986865421507e-9, -9.999816151316304e-9, -9.999556237292772e-9",-100.0,true
