x_solution,quantile_value,is_feasible
"-9.996681962960326e-9, 10.000000099999905, -9.999857629520289e-9, -9.999702348057572e-9, -9.999572006638276e-9",686.4220102155743,false
"10.000000099999864, -9.999816667440232e-9, -9.999836387025657e-9, 10.000000099992448, -9.999687547915208e-9",949.7816702047514,false
"-9.999325039192365e-9, -9.999042229263047e-9, -9.999599374118023e-9, -9.999706022279925e-9, -9.999637357517228e-9",-100.0,true
