x_solution,quantile_value,is_feasible
"0.024640594738455836, -1.9999997153599913, -1.9999998740145053, -1.9999999205461252, -1.9999999435422953, -1.99999995649689, -1.9999999649557576, -1.9999999699565651, -1.9999999740895926, -1.9999999764967635, -1.9999999783290954, -1.9999999794461185, -1.999999979594154, -1.999999979896005, -1.9999999795774375, -1.9999999781847202, -1.9999999764110221, -1.999999973657657, -1.9999999698490771, -1.9999999642526551, -1.9999999557056005, -1.9999999438116558, -1.9999999217711646, -1.9999998781322754, -1.9999997657694362, 0.9999995010347742, 1.9999997710853088, 1.9999999029924354, 1.9999999469396668, 1.9999999671635156, 1.999999979470194, 1.9999999874490078, 1.99999999300741, 1.9999999971585316, 2.000000000346844, 2.0000000027686977, 2.0000000048226485, 2.0000000064728125, 2.0000000078282176, 2.0000000090134993, 2.0000000099889514, 2.000000010854593, 2.0000000116050356, 2.000000012263307, 2.0000000128381545, 2.000000013339524, 2.000000013793601, 2.000000014201688, 2.0000000145698165, 2.0000000149090513",-259.6982154947012,true
