x_solution,quantile_value,is_feasible
"10.00000009999931, 10.000000099999069, -9.99968104570354e-9, -9.999120063717626e-9, -9.999533238952324e-9",906.6060574999512,false
"-9.999862323057212e-9, 10.000000099999111, -9.998755292044525e-9, -9.999796434998253e-9, -9.999561276419406e-9",699.1807183740898,false
"-9.999298437315045e-9, 10.000000099998156, 10.0000000999986, -9.999101773804614e-9, -9.990922915024561e-9",949.8157814941367,false
"-9.998600639975047e-9, -9.998427166855837e-9, -9.999797696408569e-9, -9.998876082485259e-9, -9.999657707460114e-9",-100.0,true
