x_solution,quantile_value,is_feasible
"-9.999884523457823e-9, 10.00000009999976, -9.999926850268098e-9, -9.99978189140119e-9, -9.999909922064581e-9, -9.999509405206719e-9, -9.999752161083983e-9, -9.999836971114239e-9, -9.999843996314178e-9, 10.000000099999667",0.0,true
