x_solution,quantile_value,is_feasible
"10.00000009999931, 10.000000099999069, -9.999681045703735e-9, -9.999120063717957e-9, -9.99953323895255e-9",906.6060574999512,false
"-9.998774691423877e-9, 10.00000009999686, -9.999678111782635e-9, -9.999344923572513e-9, -9.99960103589323e-9",699.1807183737301,false
"10.000000099998518, -9.999087622059582e-9, -9.999776902190017e-9, -9.999609873424356e-9, -9.999763963148152e-9",705.1428760171235,false
"-9.996884170846636e-9, 10.00000009999014, 10.000000099998552, 10.000000099979307, 10.000000099997896",1354.881994120069,false
"10.000000099996216, -9.948527376191848e-9, -9.99901599557859e-9, -9.97502394326059e-9, -9.998270659126301e-9",705.1428760167529,false
"10.000000099983367, -9.998123112609845e-9, -9.986688933961097e-9, -9.998248027639808e-9, -9.998218887239956e-9",705.1428760146839,false
"-9.999138240199812e-9, 10.000000099998386, 10.000000099996642, -9.99852800340682e-9, -9.95584328761292e-9",949.8157814939652,false
"-9.982352754523517e-9, -9.991630800320237e-9, -9.99917776334795e-9, -9.999008165094945e-9, -9.999259148748525e-9",-100.0,true
