x_solution,quantile_value,is_feasible
"-9.971279176381175e-9, -9.969179979820518e-9, -9.974542834630096e-9, -9.97520171527628e-9, -9.968136975848915e-9",-100.0,true
