x_solution,quantile_value,is_feasible
"-9.996682106930066e-9, 10.000000099999905, -9.999857628416274e-9, -9.99970234536417e-9, -9.999572002386723e-9",686.4220102155743,false
"10.000000099999843, -9.999858321109667e-9, -9.999852785267574e-9, -9.999177912154765e-9, -9.99964240087942e-9",872.5884845917036,false
"-9.999822599476358e-9, -9.999798597223278e-9, 10.000000099999108, 10.00000009993509, -9.99832669521419e-9",699.540285277974,false
"-9.999472387272049e-9, -9.999237303471588e-9, -9.999426619372344e-9, 10.000000099999205, 10.000000099999184",602.8603561157382,false
"-9.986675424396871e-9, -9.99966188312472e-9, -9.999564723096506e-9, -9.998294564433251e-9, -9.999413431357011e-9",-100.0,true
