x_solution,quantile_value,is_feasible
"10.000000099999486, 10.00000009999931, -9.999479040120099e-9, -9.999089633259369e-9, -9.999389082334505e-9",876.9485825089039,false
"-9.999862615213853e-9, 10.000000099999353, -9.999877219500474e-9, -9.999835039818942e-9, -9.9998530087409e-9",758.2937866593576,false
"10.000000099999827, -9.999917935504952e-9, -9.999850538982017e-9, -9.99960283545116e-9, -9.999885273104775e-9",768.3001348880026,false
"-9.9998927864672e-9, -9.999872303770459e-9, -9.998686542150722e-9, -9.999816151316306e-9, -9.999556237292777e-9",-100.0,true
