x_solution,quantile_value,is_feasible
"-9.971279363186932e-9, -9.969180183850691e-9, -9.974542994263408e-9, -9.975201868577332e-9, -9.968137188432797e-9",-100.0,true
