x_solution,quantile_value,is_feasible
"-9.995213286711927e-9, -9.987626519775144e-9, 10.000000099875265, -9.987105547123711e-9, -9.991250432348463e-9, -9.985831031856112e-9, 0.46908273398023387, -9.963664942997543e-9, -9.988068143995856e-9, -9.984814536259982e-9",536.6076817624258,false
"-9.997624613980508e-9, -9.989664293736637e-9, -9.987258706142412e-9, -9.995186949802304e-9, -9.989993904369934e-9, -9.995766101853598e-9, 10.000000099967954, -9.984523801532394e-9, -9.98152935192696e-9, -9.995709539107791e-9",516.279813705165,false
"-9.996242868199399e-9, -9.981795567917175e-9, -9.981008930305912e-9, -9.991359765637019e-9, -9.986434654656505e-9, -9.99410647567483e-9, 10.000000099977342, -9.972582377301861e-9, -9.97565660214534e-9, -9.99225142375128e-9",516.2798137063221,false
"0.013440320804271978, 0.03280757900043349, 8.97891504184289, 0.07742341253059808, 0.01502950302686718, 0.03333232608336139, 9.96210091669565, 0.013025350716242898, 0.029504357349666815, 0.08160374003810054",681.9715709074471,false
"0.03987884861191172, 0.2945035798320641, 3.5929042385207337, 0.4205388875771734, 0.022569476182998722, 0.16474429038595073, 5.232506900820533, 0.5815612201689995, 0.22767456492012392, 0.6614327000992801",85.67351965473756,false
"0.17327571735825734, 0.4758990491028649, 2.3511693100047135, 0.7494768271696812, 0.062196653832571856, 0.21470911448450714, 4.47867352485156, 0.9655219788135001, 0.40442677237280716, 1.248696768656176",39.73600762414915,false
"0.39547093052136817, 0.8495709528269324, 1.3877176821792059, 0.8506687983541065, 0.2836795618431607, 0.27166457014975964, 4.366945295910439, 0.8720533042470605, 0.6660872738808385, 0.9165892581993162",26.57590328476904,false
"0.6062520548749193, 0.7231848704185447, 1.2096236555016395, 0.886000679763009, 0.18288418517911015, 0.38554654034711183, 3.843928201516095, 0.8332932062391205, 0.6858012149397577, 0.8633821349886",-1.3799954925164428,true
